Artist,Song,Key,BPM,Camelot,Popularity,Energy,Danceability,Hapiness
21 Savage,ball w/o you,A♭ Major,138,4B,80,63,89,46
21 Savage,can't leave without it,F# Minor,132,11A,74,59,87,70
"21 Savage, Metro Boomin",Glock In My Lap,B♭ Minor,130,3A,80,73,85,20
"21 Savage, Metro Boomin",Feel It,C# Minor,150,12A,49,45,76,30
22Gz,Retaliation,B Major,142,1B,55,68,92,49
22Gz,"Suburban, Pt. 2",B Major,144,1B,62,57,83,54
24kGoldn,MY BED,C Major,128,8B,35,55,73,60
24kGoldn,VALENTINO,A Minor,151,8A,69,72,75,52
"24kGoldn, iann dior",Mood (feat. iann dior),G Minor,91,6A,80,72,70,73
"2Scratch, Lox Chatterbox",Superlife,A♭ Major,148,4B,54,57,63,16
3 Doors Down,It's Not My Time,C Major,128,8B,48,93,53,28
"3 Doors Down, Jack Joseph Puig",Let Me Go,C# Minor,92,12A,64,86,48,49
347aidan,MEMORIES!,A Major,155,11B,71,38,84,31
347aidan,Demons and Monsters,A Minor,81,8A,60,32,78,41
"347aidan, Kenny Beats",IDWK,A Major,140,11B,53,31,85,73
38 Special,Caught Up In You,C# Minor,131,12A,68,68,43,93
"3OH!3, Katy Perry, Matt Squire",STARSTRUKK (feat. Katy Perry),B Minor,140,10A,68,81,61,23
3xbravo,I Luv Dat,D Minor,83,7A,40,44,63,51
"41, Kyle Richh, Jenn Carter, TaTa","Bent (with Kyle Richh, Jenn Carter & TaTa)",D Major,124,10B,71,63,85,25
42 Dugg,Bestfriends,D Major,94,10B,67,70,82,45
"42 Dugg, EST Gee",Everybody Shooters Too,C# Major,188,3B,65,45,60,41
44phantom,gray!,C Major,118,8B,38,69,79,64
49 Winchester,Russell County Line,D Major,95,10B,67,32,65,39
5 Seconds of Summer,She Looks So Perfect,A Major,160,11B,75,95,49,44
5 Seconds of Summer,Ghost Of You,B♭ Major,150,6B,72,56,46,21
50 Cent,Get Up,B Minor,92,10A,57,89,71,41
50 Cent,Hustler's Ambition,G Major,88,9B,52,76,66,66
6ix9ine,WAIT,D Major,138,10B,41,79,77,59
6ix9ine,GUMMO,B♭ Minor,78,3A,66,77,69,67
"6ix9ine, A Boogie Wit da Hoodie",WAKA (feat. A Boogie Wit da Hoodie),G Minor,97,6A,59,81,77,63
"6ix9ine, Kanye West, Nicki Minaj",MAMA (feat. Nicki Minaj & Kanye West),C# Major,160,3B,57,66,76,44
6LACK,PRBLMS,A Major,69,11B,71,58,42,14
6VIB3Z,In Due Time,A Major,160,11B,16,52,55,30
"7981 Kal, Polo G",FTG,F Minor,174,4A,33,60,48,45
80purppp,Hex,F Major,110,7B,81,40,85,49
"88rising, Joji, Don Krez",Breathe,G Major,113,9B,55,52,54,8
8TURN,TIC TAC,D Major,89,10B,51,94,73,77
916frosty,FRIDAY,B♭ Minor,92,3A,48,69,41,45
9lokknine,10 Percent,B Major,90,1B,57,59,78,41
"A Boogie Wit da Hoodie, Juice WRLD",Demons and Angels (feat. Juice WRLD),D Minor,77,7A,68,55,81,18
A Flock Of Seagulls,I Ran (So Far Away) - Single Edit,D Major,146,10B,66,77,51,64
"A$AP ANT, A$AP Rocky",The God Hour,C Major,130,8B,56,71,78,39
A$AP Ferg,Floor Seats,F Major,136,7B,60,73,71,68
A$AP Rocky,Sundress,F# Major,125,2B,87,71,72,74
A$AP Rocky,Lord Pretty Flacko Jodye 2 (LPFJ2),F# Major,208,2B,75,72,49,5
Aaron May,"I'm Good Luv, Enjoy.",B Major,130,1B,73,59,89,95
Aaron May,Cream,C# Major,170,3B,65,37,87,75
Aaron May,No Recognition,D Major,119,10B,65,45,72,75
Aaron May,Let Go,A Minor,110,8A,77,50,87,69
ABBA,Chiquitita,A Major,84,11B,77,55,50,37
ABBA,Dancing Queen,A Major,101,11B,87,87,54,75
ABBA,Take A Chance On Me,B Major,107,1B,79,68,68,92
Abel Zavala,Listo Para Nuestro Encuentro,C# Major,115,3B,57,24,45,20
"Ace DJ Xquisite, Zaki Amujei",Dorime - Amapiano Version,C# Major,115,3B,23,64,93,76
Addison Rae,Diet Pepsi,B♭ Major,150,6B,87,56,67,84
"Addison Rae, Charli xcx",2 die 4 (feat. Charli XCX),B♭ Minor,105,3A,65,59,86,43
Adele,Chasing Pavements,F Minor,80,4A,78,47,62,33
Aerosmith,Dream On,C# Major,78,3B,85,48,39,23
"AFTER, Milo j, Akim 88",No Estoy,G Major,120,9B,63,66,83,70
Agust D,Haegeum,G Major,85,9B,87,84,70,83
"Agust D, NiiHWA",28 (feat. NiiHWA),A Minor,120,8A,64,65,68,35
Aidan Bissett,More Than Friends,F# Major,160,2B,64,66,56,67
"Aitch, AJ Tracey, Tay Keith",Rain,A Major,150,11B,66,87,87,83
AJ Mitchell,Used to Be,F Major,118,7B,50,46,47,21
Alan Walker,Alone,B♭ Major,97,6B,79,91,67,18
"Alan Walker, Dash Berlin, Vikkstar","Better Off (Alone, Pt. III)",A Minor,130,8A,78,69,51,38
"Alan Walker, Noah Cyrus, Digital Farm Animals, Juliander",All Falls Down (feat. Juliander),C# Major,98,3B,67,67,66,68
Alanis Morissette,Head over Feet - 2015 Remaster,C Major,80,8B,68,81,48,44
Albert Hammond,It Never Rains in Southern California,A Major,117,11B,70,56,63,92
Alec Benjamin,Let Me Down Slowly,C# Minor,150,12A,84,56,65,48
Alec Benjamin,If We Have Each Other,B♭ Minor,173,3A,77,58,66,86
"Alesso, Tove Lo",Heroes (we could be),F Major,126,7B,76,75,50,36
Alex & Sierra,Little Do You Know,C Major,146,8B,72,29,50,37
Alex Warren,Save You a Seat,F# Major,136,2B,65,47,59,33
Alexander 23,IDK You Yet,C# Major,77,3B,72,31,65,20
Alexander Stewart,echo,F Minor,128,4A,55,50,63,51
Alexandre Desplat,Courtyard Apocalypse,C# Major,93,3B,55,29,15,16
Alexis Ffrench,A Time of Wonder,E Minor,166,9A,55,19,29,22
Ali Gatie,It's You - Acoustic,B Minor,96,10A,47,22,82,58
Alice In Chains,We Die Young,C# Major,126,3B,69,94,49,53
Alice In Chains,I Stay Away,F# Major,81,2B,68,78,17,28
Alice In Chains,Would? (2022 Remaster),F# Major,100,2B,81,84,30,59
ALL(H)OURS,GIMME GIMME,C# Major,137,3B,55,94,67,61
Allstar Weekend,Not Your Birthday,G Major,129,9B,41,94,68,78
Aloe Blacc,Can You Do This,G Minor,155,6A,37,79,58,34
Alphaville,Forever Young,A Minor,137,8A,85,48,49,33
alt-J,In Cold Blood,B Minor,143,10A,55,75,49,58
alt-J,Something Good,G Major,109,9B,58,58,68,54
alt-J,Tessellate,D Major,117,10B,61,61,70,44
alt-J,Breezeblocks,F Major,150,7B,72,66,62,29
America,You Can Do Magic,E Minor,130,9A,71,57,86,94
"America, George Martin",Ventura Highway,D Major,131,10B,79,76,61,84
American Authors,Best Day Of My Life,D Major,100,10B,81,90,67,54
Aminé,REEL IT IN,B♭ Minor,129,3A,68,34,75,42
Amy Winehouse,Tears Dry On Their Own,C# Minor,122,12A,77,54,63,47
ancient heiakim,Darling.,G Major,170,9B,36,67,65,48
Anderson .Paak,Heart Don't Stand a Chance,G Major,94,9B,58,55,69,51
Andrea Vanzo,Spring,F Major,174,7B,62,6,17,31
"Andrew Spencer, Ron Rockwell",Axel F. - Radio Edit,E♭ Minor,126,2A,26,93,73,21
Andy Grammer,Don't Give Up On Me,C Minor,113,5A,81,54,64,7
Andy Grammer,Blame It On The Stars,G Major,119,9B,30,66,85,77
Andy Grammer,Miss Me,B Major,99,1B,36,79,53,26
Andy Grammer,Fine By Me,B Major,90,1B,63,79,58,88
"Andy Mineo, Lecrae",Coming in Hot,A♭ Major,140,4B,58,45,89,42
Angus & Julia Stone,Big Jet Plane,B♭ Minor,110,3A,62,38,77,26
"Anna Carter & Ed Hamilton, Dead Light",Trills,B Major,130,1B,26,41,34,23
"Anthony Keyrouz, Paradigm",Wake Me Up In Paris,B Minor,131,10A,67,82,71,36
Aqyila,Vibe for Me (Bob for Me),B♭ Minor,120,3A,46,72,70,58
"araabMUZIK, Cardi B",Red Barz,A Major,97,11B,45,92,84,69
Arcade Fire,Keep the Car Running,D Major,96,10B,54,90,47,28
Arcade Fire,Afterlife,B Major,116,1B,55,87,64,80
Arcade Fire,The Suburbs,F# Minor,118,11A,67,69,62,54
Architecture In Helsinki,Escapee,C# Major,111,3B,49,72,67,67
Aretha Franklin,I Say a Little Prayer,A Major,133,11B,78,36,59,50
Ariana Grande,"thank u, next",C# Major,107,3B,82,65,72,41
Ariana Grande,bloodline,D Minor,152,7A,80,67,76,64
Ariana Grande,Into You,A Major,108,11B,83,73,62,37
"Ariana Grande, Justin Bieber",Stuck with U (with Justin Bieber),A♭ Major,179,4B,82,45,60,54
"Ariana Grande, The Weeknd",Love Me Harder,C# Minor,99,12A,83,71,49,24
Arizona Zervas,ROXANNE,F# Minor,117,11A,76,60,62,46
Armand Van Helden,I Want Your Soul - Radio Edit,B♭ Minor,128,3A,36,91,66,80
Armani White,BILLIE EILISH.,F Minor,100,4A,68,53,90,76
"Armin van Buuren, Trevor Guthrie",This Is What It Feels Like,A♭ Major,130,4B,76,83,55,14
Artemas,if u think i'm pretty,A♭ Major,144,4B,80,62,54,46
Artemas,i like the way you kiss me,B Major,152,1B,78,95,60,75
"Ashanti, Nelly, Akon",Body On Me,G Minor,180,6A,69,62,66,74
Ashe,Moral of the Story,B♭ Major,120,6B,77,40,57,27
Ashnikko,Daisy,A♭ Major,122,4B,71,66,83,77
"Ashnikko, Hatsune Miku",Daisy 2.0 (feat. Hatsune Miku),B Major,131,1B,65,63,77,52
Astrid S,Hurts So Good,G Minor,120,6A,73,63,67,42
ATB,9 PM (Till I Come),A Minor,130,8A,48,92,67,79
Audioslave,Like a Stone,G Minor,108,6A,55,57,61,52
Audioslave,Shadow on the Sun,A Major,141,11B,34,66,33,29
AURORA,Queendom,C# Major,130,3B,56,54,35,20
AURORA,Cure For Me,F# Minor,116,11A,67,74,72,43
AURORA,Runaway,B Major,114,1B,79,30,42,12
Autumn!,Still the Same,A♭ Major,138,4B,62,52,69,10
Autumn!,Nina!,B Major,78,1B,51,68,50,66
Ava Max,Kings & Queens,C# Minor,130,12A,82,69,64,46
Ava Max,My Head & My Heart,A Minor,116,8A,75,93,61,44
Avaqe,die with you,A Major,132,11B,46,64,70,23
Avicii,Waiting For Love,F# Minor,128,11A,84,74,58,61
"Avicii, Aloe Blacc",SOS (feat. Aloe Blacc),F Minor,100,4A,75,65,80,38
"Avicii, Rita Ora",Lonely Together (feat. Rita Ora),F Major,103,7B,58,67,66,27
Avril Lavigne,What the Hell,F# Minor,150,11A,80,93,58,88
"Axwell /\ Ingrosso, Axwell, Sebastian Ingrosso",Dreamer,B♭ Major,126,6B,67,85,63,61
"AYLIVA, Ali Gatie",When I Cry (feat. Ali Gatie),A Minor,150,8A,54,66,55,22
"B.o.B, Bruno Mars",Nothing on You,B♭ Major,104,6B,71,80,55,38
"Baby Bash, Akon","Baby, I'm Back",A Minor,100,8A,65,39,90,77
Baby Keem,APOLOGIZE,F Minor,95,4A,63,43,76,9
"Baby Keem, Brent Faiyaz",lost souls (with Brent Faiyaz),C# Minor,170,12A,69,35,65,18
"Baby Keem, Kendrick Lamar",family ties (with Kendrick Lamar),C# Major,134,3B,83,61,71,14
Bacilos,Perderme Contigo,C Major,104,8B,66,88,72,69
Bad Bunny,La Zona,C# Minor,94,12A,72,80,76,81
Bahari,Savage,E♭ Minor,98,2A,64,43,72,44
Bailey Zimmerman,New To Country,A♭ Minor,146,1A,68,93,57,92
Bailey Zimmerman,Where It Ends,A Major,170,11B,77,84,43,65
Bakar,"Right Here, for Now",C Major,130,8B,53,58,80,78
"Bakar, Dominic Fike",Stop Selling Her Drugs (feat. Dominic Fike),F Major,85,7B,60,28,85,76
Band of Horses,Is There A Ghost,C# Major,136,3B,59,84,30,14
Band of Horses,Our Swords,B Major,107,1B,58,79,64,35
Band of Horses,The Funeral,C Minor,122,5A,73,76,32,10
Bankrol Hayden,Rich Bitch,E Minor,176,9A,56,82,77,86
Bankrol Hayden,No Drama,C# Major,108,3B,55,66,94,84
BANNERS,Shine A Light,C Major,195,8B,59,80,32,10
Barenaked Ladies,One Week,A Major,113,11B,72,90,70,73
BARRY BILL,DIGITAL,A♭ Major,175,4B,10,61,46,12
Basshunter,Boten Anna - Radio edit,A Minor,140,8A,63,97,46,27
Bastille,Pompeii,A Major,127,11B,78,72,68,57
Bastille,Icarus,E Minor,135,9A,61,78,58,67
Bazzi,Mine,E Major,143,12B,75,79,71,72
Bazzi,Fantasy,F Minor,144,4A,72,67,70,31
Bazzi,Paradise,B Minor,122,10A,73,64,84,59
Bazzi,Myself,A Minor,196,8A,66,56,75,90
Bear Hands,Giants,C Major,184,8B,47,85,47,42
"Beatchild, Drake, hxzel",Share,A♭ Minor,94,1A,27,62,77,81
"Bebe Rexha, Doja Cat","Baby, I'm Jealous (feat. Doja Cat)",B Minor,98,10A,61,87,74,51
Beck,Gamma Ray,B Minor,168,10A,59,91,60,70
Beck,Girl,E♭ Major,149,5B,48,68,69,86
Beck,Go It Alone,C# Major,150,3B,54,39,87,52
Beck,Loser,D Major,85,10B,75,61,65,79
"Beck, Phoenix",Odyssey,F# Major,116,2B,45,78,70,89
Becky G,Shower,D Major,120,10B,80,53,70,12
Bee Gees,More Than A Woman,G Major,106,9B,79,68,63,70
Ben E. King,Stand By Me,A Major,119,11B,79,23,63,67
Ben Folds,Rockin' the Suburbs,C Major,95,8B,43,90,61,64
Ben Folds Five,Army,C# Major,175,3B,44,77,44,51
Ben Howard,Old Pine,F Major,130,7B,68,36,40,22
"benny blanco, Halsey, Khalid",Eastside (with Halsey & Khalid),F# Minor,90,11A,82,69,63,33
"benny blanco, Juice WRLD, Brendon Urie",Roses (with Juice WRLD feat. Brendon Urie),A♭ Major,147,4B,66,60,61,53
"Benny The Butcher, Black Thought",Crowns for Kings (Feat. Black Thought),G Major,88,9B,57,91,49,58
Benson Boone,Beautiful Things,B♭ Major,105,6B,92,47,47,22
Beyoncé,Halo,B Minor,78,10A,78,71,42,47
Beyoncé,Diva,F# Minor,146,11A,76,55,87,86
"Bhad Bhabie, Lil Baby",Geek'd (feat. Lil Baby),A Minor,164,8A,62,56,86,19
"Bhad Bhabie, Megan Thee Stallion",Bestie (feat. Megan Thee Stallion),C# Major,102,3B,47,66,90,68
"Big L, Fat Joe",The Enemy (feat. Fat Joe),B Major,174,1B,67,65,61,88
"Big Pun, Joe",Still Not a Player (feat. Joe) - Radio Version,E Minor,94,9A,76,62,90,87
Big Sean,Moves,D Major,76,10B,56,52,81,38
"Big Sean, Post Malone",Wolves (feat. Post Malone),D Major,160,10B,68,68,72,33
"Big Sean, TWENTY88",Same Time Pt. 1,C Minor,89,5A,43,49,66,72
Big Thief,Velvet Ring - 2023 Remaster,C Major,139,8B,79,40,32,28
Big Thief,Vampire Empire,A Major,131,11B,77,57,64,66
BigXthaPlug,Mmhmm,A Major,126,11B,83,68,93,96
BigXthaPlug,Safehouse,C# Minor,112,12A,71,43,97,38
BigXthaPlug,Levels,F Major,122,7B,82,56,80,50
"BigXthaPlug, Bailey Zimmerman",All The Way (feat. Bailey Zimmerman),C# Minor,135,12A,87,56,83,44
"BigXthaPlug, Big Yavo",Boy,C# Major,90,3B,69,70,60,70
Bill Withers,Ain't No Sunshine,E Minor,78,9A,83,42,53,52
Billie Eilish,I Didn't Change My Number,A Major,142,11B,76,48,85,68
Billie Eilish,goodbye,F# Minor,74,11A,71,14,15,5
Billie Eilish,SKINNY,A Major,70,11B,83,25,25,4
Billie Eilish,Therefore I Am,D Major,94,10B,76,37,88,66
"Billie Eilish, Khalid",lovely (with Khalid),E Minor,115,9A,89,30,35,12
"Billie Eilish, ROSALÍA",Lo Vas A Olvidar (with ROSALÍA),E Minor,135,9A,65,24,34,3
Billy Currington,Good Directions,F Major,122,7B,77,72,72,48
Billy Joel,Vienna,B♭ Major,125,6B,86,50,53,31
Billy Joel,You Can Make Me Free,C# Minor,167,12A,36,65,38,53
Billy Joel,Movin' Out (Anthony's Song),D Minor,134,7A,72,88,66,90
Billy Joel,An Innocent Man,C Major,106,8B,57,38,51,43
Billy Joel,The Stranger,E Minor,92,9A,56,88,66,22
Billy Joel,Falling of the Rain,E Major,126,12B,36,41,47,67
Billy Joel,Tell Her About It,A♭ Major,182,4B,62,89,56,74
Billy Ocean,Caribbean Queen (No More Love On the Run),F Major,114,7B,76,65,79,95
Billy Ocean,Love Really Hurts Without You,F Major,141,7B,73,91,52,96
Birdy,Not About Angels,C Major,117,8B,74,11,41,22
Birdy,People Help the People,B♭ Minor,73,3A,73,31,43,15
"Bizarrap, Frijo, Hot Plug Beats","Frijo: Bzrp Music Sessions, Vol. 10",A♭ Major,100,4B,61,60,85,67
"Bizarrap, Milo j",Toy en el Mic,C# Minor,100,12A,70,55,69,87
Bktherula,Tweakin' Together,A♭ Major,145,4B,54,41,61,46
Black Eyed Peas,Let's Get It Started - Spike Mix,B Minor,105,10A,77,79,78,81
"Black Gryph0n, Baasik",Insane,E Minor,105,9A,77,71,72,80
blackbear,hot girl bummer,F# Minor,130,11A,77,56,78,69
blackbear,idfc,C# Minor,145,12A,78,50,63,32
Bleachers,Rollercoaster,B♭ Major,162,6B,66,79,42,28
Blind Melon,No Rain,A Major,148,11B,77,48,39,57
blink-182,What's My Age Again?,F# Major,158,2B,80,95,39,47
blink-182,Adam's Song,C Major,136,8B,75,78,52,38
blink-182,Always,B Major,158,1B,65,95,46,56
"BLK ODYSSY, BNXN",Lay Low,B♭ Minor,102,3A,56,61,48,57
Bloc Party,Flux,C# Minor,76,12A,45,95,39,22
Bloc Party,I Still Remember,B♭ Major,140,6B,40,90,43,32
Blue Öyster Cult,(Don't Fear) The Reaper,A Minor,141,8A,78,93,33,39
"Blue Swede, Björn Skifs",Hooked On A Feeling,A♭ Major,118,4B,72,82,55,93
"Blueface, OG Bobby Billions",Outside (Better Days),A Minor,78,8A,60,42,67,74
"Blueface, Polo G",Murder Rate (feat. Polo G),E Major,140,12B,45,61,90,78
Blur,Song 2 - 2012 Remaster,A♭ Major,130,4B,81,79,67,92
Blxst,Be Alone,A♭ Minor,93,1A,59,62,61,69
"Blxst, Tyga, Ty Dolla $ign",Chosen (feat. Ty Dolla $ign),D Major,93,10B,73,77,57,61
Bob Dylan,Blowin' in the Wind,D Major,175,10B,75,10,38,44
Bob Dylan,Knockin' On Heaven's Door,G Major,140,9B,83,40,51,23
Bob Seger,Night Moves,C# Major,119,3B,77,74,71,37
Bobby Day,Rockin' Robin,G Major,172,9B,62,61,54,94
"Boldy James, The Alchemist",Great Adventures,C# Major,163,3B,65,47,50,72
"Boldy James, The Alchemist, Freddie Gibbs",S.N.O.R.T.,F# Minor,106,11A,41,59,54,59
Bombay Bicycle Club,Luna,F Major,122,7B,57,92,58,39
Bombay Bicycle Club,Shuffle,G Major,110,9B,60,96,63,40
Bon Iver,Beach Baby,C Major,114,8B,73,8,67,9
Bon Iver,Holocene,C# Major,148,3B,71,30,37,15
BONES,Oxygen,C# Minor,120,12A,62,51,69,15
BONES,Sodium,E Minor,121,9A,72,32,75,10
Booba,GLAIVE,A Major,79,11B,54,83,67,87
"Borai & Denham Audio, Borai, Denham Audio",Make Me,B♭ Minor,130,3A,65,95,62,70
BØRNS,Electric Love,F# Minor,120,11A,82,80,61,52
BossMan Dlow,Finesse,C Major,160,8B,60,54,70,29
Boston Bun,Missing You,C Minor,126,5A,65,81,68,27
BOYS LIKE GIRLS,Love Drunk,B♭ Major,150,6B,63,98,44,41
Braken,Flight,E Minor,88,9A,3,76,62,20
Braxton Burks,Violet City,B Major,180,1B,33,21,19,21
Bread,Everything I Own,D Major,79,10B,75,34,37,45
Brenn!,4runner,C# Major,128,3B,70,51,59,48
Brent Faiyaz,Clouded,D Major,65,10B,79,34,58,58
Brent Faiyaz,Trust,A♭ Major,92,4B,78,39,76,47
"Brent Faiyaz, Joony, ISO Supremacy",Paper Soldier (feat. Joony),F Minor,151,4A,76,60,69,49
"Brenton Kossak, Blaine McGurty",Pedestrians Crossing,C# Major,132,3B,43,37,64,56
Britney Spears,Circus,F# Minor,115,11A,81,73,79,76
Britney Spears,Womanizer,B Major,139,1B,82,70,72,24
Britney Spears,Overprotected - Radio Edit,C Minor,96,5A,63,89,68,85
BROCKHAMPTON,SUGAR,C# Major,123,3B,71,54,45,52
Broken Bells,October,F# Minor,144,11A,51,63,55,41
Broken Bells,The High Road,C Major,80,8B,64,64,61,60
Broken Bells,The Mall & Misery,E♭ Minor,137,2A,48,65,59,28
Broken Social Scene,7/4 (Shoreline),A Major,156,11B,44,93,46,50
Bruce Springsteen,Dancing In the Dark,C# Minor,149,12A,85,94,53,50
Bruno Mars,Natalie,G Major,112,9B,26,73,76,67
Bruno Mars,Runaway Baby,B♭ Minor,164,3A,73,76,66,82
Bruno Mars,Moonshine,D Major,105,10B,23,77,71,46
Bruno Mars,Money Make Her Smile,C Major,93,8B,18,66,76,78
"Bryant Barnes, d4vd",I'd Rather Pretend (with d4vd),A♭ Major,130,4B,71,33,56,33
"Bryce Vine, YG",La La Land (feat. YG),C# Minor,98,12A,54,47,77,42
Bryson Tiller,Blame,B Minor,115,10A,66,38,73,32
Bryson Tiller,Whatever She Wants,A Minor,96,8A,81,51,80,44
"Bryson Tiller, Drake",Outta Time (feat. Drake),F Minor,93,4A,70,58,71,34
buffalo_farm,P_O_S,B♭ Minor,130,3A,55,82,74,70
Built To Spill,Liar,C Major,135,8B,42,76,54,54
Bush,Comedown - Remastered,B Minor,140,10A,70,80,47,38
Bush,Little Things - Remastered,G Major,113,9B,60,94,35,23
Caamp,Vagabond,E Major,142,12B,68,40,57,61
Caamp,All the Debts I Owe,C Major,93,8B,66,48,46,47
Cage The Elephant,Ready To Let Go,C# Major,101,3B,64,90,72,75
Cage The Elephant,Come a Little Closer,C# Minor,148,12A,76,78,44,30
CAKE,Wheels,E Minor,161,9A,48,48,70,96
CAKE,Long Line of Cars,B Major,100,1B,47,53,73,90
CAKE,War Pigs,F Minor,84,4A,54,57,58,45
Calboy,Envy Me,C# Minor,149,12A,64,49,74,58
Caleb Hearn,"Brown Eyes, Brown Hair",D Major,184,10B,53,49,39,31
Call Me Karizma,Monster (Under My Bed),D Major,145,10B,48,60,67,24
Calvin Harris,Feel So Close - Radio Edit,G Major,128,9B,87,92,71,92
"Calvin Harris, Dua Lipa, Young Thug",Potion (with Dua Lipa & Young Thug),B Minor,100,10A,56,70,82,76
"Cam Steady, Fabvl",BLOW UP!,C# Major,95,3B,43,67,69,38
Camidoh,Sugarcane,A♭ Major,202,4B,49,71,52,52
Camila Cabello,Never Be the Same,C Major,130,8B,82,71,64,24
"Camila Cabello, DaBaby",My Oh My (feat. DaBaby),A♭ Major,105,4B,76,49,72,38
Camilo,Favorito,A Major,178,11B,71,85,61,82
Candlebox,Far Behind,G Major,90,9B,73,65,55,59
Capital Cities,Safe and Sound,C Major,118,8B,87,82,66,77
Capital Cities,Kangaroo Court,F Minor,100,4A,70,58,76,98
Cardi B,Up,B Major,166,1B,72,80,87,82
Cardi B,Like What (Freestyle),B Minor,115,10A,61,69,95,71
"Cardi B, Bruno Mars",Please Me,C# Major,134,3B,80,57,75,65
Carlie Hanson,Only One,A♭ Major,123,4B,45,49,77,70
Carlos Rafael Rivera,Beth's Story,C Minor,139,5A,56,3,31,8
Carly Rae Jepsen,Call Me Maybe,G Major,120,9B,84,58,78,66
Carolina Liar,I'm Not Over,B Major,131,1B,48,90,53,48
Carrie Underwood,Before He Cheats,F# Minor,148,11A,79,75,52,29
Cascada,Everytime We Touch,A♭ Major,142,4B,55,98,63,45
"CashMoneyAP, NoCap, Polo G",No Patience (feat. Polo G & NoCap),C Major,160,8B,45,76,74,30
Cass Elliot,Make Your Own Kind Of Music,E Major,121,12B,69,56,53,70
Cavetown,Devil Town,E♭ Major,100,5B,74,76,58,50
Celeste,Strange,D Major,71,10B,74,8,29,11
Central Cee,Obsessed With You,E♭ Major,143,5B,70,83,75,90
Central Cee,Doja,F# Major,140,2B,80,57,91,97
Chance Peña,Bleeding Out,A Minor,121,8A,66,44,59,35
Charles Wesley Godwin,Hardwood Floors,D Major,135,10B,63,63,35,39
Charli xcx,Boom Clap,E Major,92,12B,60,91,66,58
"Charli xcx, Billie Eilish",Guess featuring billie eilish,C Major,130,8B,87,71,78,62
Charlie Puth,I Don’t Think That I Like Her,A♭ Minor,186,1A,61,55,59,71
Charlie Puth,The Way I Am,B♭ Minor,115,3A,62,77,76,64
Chase Atlantic,OHMAMI,B♭ Minor,126,3A,67,70,58,47
Chasing Mirrors,Hokage's Funeral,A Minor,75,8A,44,22,32,11
"Chavo, Coi Leray",American Deli,F# Minor,94,11A,16,58,44,10
Che,agenda,C Minor,73,5A,62,45,52,42
"Cheat Codes, Demi Lovato",No Promises (feat. Demi Lovato),B♭ Major,113,6B,68,67,74,60
Cher,Believe,F# Major,133,2B,83,92,65,46
Chevelle,Send the Pain Below,B Major,92,1B,73,85,47,29
"Chico Rose, 71 Digits",Somebody's Watching Me,C# Minor,125,12A,70,86,71,21
"Chills, CORPSE",Siren Head,D Major,140,10B,50,66,81,67
Chilly Gonzales,Foule sentimentale,D Minor,205,7A,47,9,31,54
Chingy,Right Thurr,D Major,92,10B,74,75,87,89
Chlöe,Have Mercy,A Major,130,11B,67,54,90,51
Chris Brown,Indigo,E♭ Minor,152,2A,62,75,60,53
Chris Stapleton,Starting Over,B♭ Major,89,6B,81,54,64,32
Chris Stapleton,Think I'm In Love With You,F# Minor,92,11A,82,42,67,61
Chris Stapleton,White Horse,C# Minor,145,12A,80,77,35,22
Chris Stapleton,Joy Of My Life,E♭ Major,149,5B,76,49,63,40
Chris Wallace,Keep Me Crazy,D Major,93,10B,23,87,66,64
Chris Young,I'm Comin' Over,B♭ Major,128,6B,69,85,57,38
Christina Aguilera,Fighter,E Minor,189,9A,67,92,44,45
Christina Perri,jar of hearts,E♭ Major,75,5B,77,35,35,9
Chuck Berry,Johnny B. Goode,B♭ Major,168,6B,77,80,53,97
CHVRCHES,Clearest Blue,C# Major,123,3B,49,83,65,16
"Ciara, Chris Brown",How We Roll,A♭ Minor,96,1A,63,64,77,33
"Ciara, Petey Pablo",Goodies (feat. Petey Pablo),F Minor,204,4A,70,70,65,88
Circa Waves,T-Shirt Weather,E Major,160,12B,65,95,42,47
CJ,Whoopty,E♭ Minor,140,2A,68,65,72,66
Clairo,Flaming Hot Cheetos,G Minor,110,6A,77,55,82,14
Clairo,4EVER,A Minor,102,8A,79,59,75,58
Clairo,Bubble Gum,A Major,208,11B,78,2,51,23
ClariS,STEP,G Major,146,9B,39,83,57,70
Clem Leek,The Theory,A Minor,69,8A,34,4,45,6
Clint Mansell,Leaving Earth,E Minor,39,9A,50,29,28,8
Coalo Zamorano,Canto de tu amor,G Major,119,9B,25,25,45,17
Coconut Records,West Coast,B♭ Major,80,6B,57,60,53,35
Cody Johnson,The Fall,E♭ Major,79,5B,67,54,35,18
Cody Johnson,Wild as You,B Major,150,1B,70,65,46,49
Cody Johnson,Diamond In My Pocket,G Major,152,9B,72,84,55,72
Cody Johnson,Half a Song,D Major,99,10B,70,70,65,67
Coi Leray,Lonely Fans,C# Major,78,3B,19,71,57,58
COIN,Talk Too Much,E Major,104,12B,68,89,60,48
Colbie Caillat,Fallin' For You,E Major,117,12B,59,83,64,59
Colbie Caillat,I Do,A Major,145,11B,54,88,66,96
Cold War Kids,First,D Major,78,10B,68,69,47,56
Cold War Kids,Saint John,E Major,174,12B,37,91,49,54
Cold War Kids,Hang Me Up To Dry,A Minor,92,8A,65,92,51,65
Coldplay,Yellow,B Major,173,1B,93,66,43,28
Coldplay,Higher Power,B♭ Major,178,6B,68,83,51,49
Coldplay,feelslikeimfallinginlove,C Major,121,8B,72,54,63,28
Coldplay,Trouble,B Minor,140,10A,76,55,56,20
Coldplay,Violet Hill,C# Minor,76,12A,67,58,33,11
Cole Swindell,Forever To Me,B♭ Major,154,6B,69,56,56,33
Cole Swindell,We Can Always Move On,B♭ Major,119,6B,63,79,65,51
Cole Swindell,Chillin' It,A Major,138,11B,67,85,58,67
Colter Wall,Motorcycle,G Major,85,9B,66,43,68,62
Colter Wall,Cowpoke,C Major,122,8B,71,37,48,29
Comethazine,SOLVED THE PROBLEM,B♭ Minor,98,3A,63,70,93,69
Conan Gray,People Watching,F Major,126,7B,74,59,53,54
"Cookin Soul, Mac Miller",Come On Baby,C# Minor,91,12A,45,92,61,44
Cordae,Have Mercy,C Minor,138,5A,60,44,79,28
Corey Hart,Sunglasses At Night,B♭ Minor,127,3A,61,62,67,72
Corinne Bailey Rae,Is This Love,G Minor,124,6A,56,33,68,33
CORPSE,life waster,D Minor,122,7A,56,82,68,16
"CORPSE, Savage Ga$p",E-GIRLS ARE RUINING MY LIFE!,C# Major,85,3B,66,94,61,39
Creed,What's This Life For,G Major,142,9B,63,78,39,20
Creedence Clearwater Revival,Bad Moon Rising,D Major,179,10B,81,77,51,94
Creedence Clearwater Revival,Proud Mary,D Major,121,10B,76,64,70,73
Creeds,Push Up - Main Edit,G Major,75,9B,80,83,77,19
"Curren$y, Freddie Gibbs",Stash House,C# Major,92,3B,26,59,68,71
Curtis Mayfield,Move On Up,B Minor,139,10A,62,97,54,93
Cyndi Lauper,Girls Just Want to Have Fun,F# Major,120,2B,84,80,71,73
"CZARFACE, MF DOOM",Mando Calrissian,C Major,178,8B,47,71,40,40
D.O.D,Sleepless,F# Minor,126,11A,62,72,45,64
d4vd,Romantic Homicide,F# Major,132,2B,88,54,57,22
d4vd,Take Me To The Sun,F# Minor,178,11A,68,73,45,55
"DaBaby, Lil Baby, Moneybagg Yo",TOES (feat. Lil Baby & Moneybagg Yo),A♭ Major,160,4B,67,58,82,54
Daddy Yankee,Limbo,G Major,125,9B,79,87,81,92
Dan Croll,From Nowhere,A♭ Minor,88,1A,52,88,63,66
Daniel Caesar,A Cappella,A Minor,71,8A,59,31,24,12
"Daniel Caesar, H.E.R.",Best Part (feat. H.E.R.),G Major,75,9B,86,37,52,44
Daniel Thrasher,Once Upon a Paradise,B♭ Minor,130,3A,32,12,42,8
Danny & The Juniors,At The Hop,A♭ Major,192,4B,62,83,41,89
Danny Norbury,The Morning Star,F# Major,71,2B,24,4,26,10
Daryl Hall & John Oates,Maneater,B Minor,89,10A,84,50,72,82
Daryl Hall & John Oates,You Make My Dreams (Come True),F Major,167,7B,83,50,75,90
Daryl Hall & John Oates,I Can Dream About You,A Major,110,11B,35,74,71,89
Daryl Hall & John Oates,I Can't Go For That (No Can Do),F Minor,111,4A,38,49,85,97
Daryl Hall & John Oates,Adult Education,A Minor,91,8A,54,75,66,93
Daughter,Medicine,E♭ Major,95,5B,67,32,22,19
Dave Matthews Band,Crash into Me,E Major,101,12B,69,68,54,56
David Archuleta,Crush,C Minor,162,5A,69,66,57,49
David Bowie,The Man Who Sold the World - 2015 Remaster,D Minor,118,7A,66,39,47,55
David Bowie,Modern Love - 2018 Remaster,C Major,183,8B,71,94,36,94
"David Guetta, Alexander Ryberg, Taped Rai, Tom Liljegren",Just One Last Time (feat. Taped Rai),A♭ Major,128,4B,39,81,53,21
"David Guetta, Rihanna",Who's That Chick? (feat. Rihanna),B Minor,128,10A,63,60,68,93
"David Guetta, Sia",Titanium (feat. Sia),C Minor,126,5A,75,79,60,30
"David Guetta, Sia",Beautiful People,A Minor,127,8A,86,76,74,42
David Kushner,Burn,C Major,126,8B,66,41,57,13
David Kushner,Mr. Forgettable,A♭ Minor,145,1A,71,41,56,29
David Kushner,Daylight,F Major,130,7B,84,43,51,31
"David Wise, Video Games Live",Dk Jungle Swing,A Minor,200,8A,23,27,46,41
"Davido, Chris Brown",Titanium (feat. Chris Brown),F Minor,102,4A,73,79,54,70
Dayglow,Close To You,F# Major,140,2B,68,65,88,83
DDG,I'm Geekin,A Major,113,11B,63,54,84,32
"DDG, OG Parker, Coi Leray",Impatient (feat. Coi Leray),C Minor,110,5A,49,32,93,47
De Lorra,T I L T,C Major,110,8B,37,57,51,13
De Lorra,K A T A N A,B Major,90,1B,18,68,64,25
Dean Lewis,How Do I Say Goodbye,A♭ Major,82,4B,78,64,40,39
Dean Martin,Everybody Loves Somebody,E♭ Major,119,5B,70,39,37,46
Declan McKenna,Hallucinate - BBC Live Version,D Major,117,10B,31,26,49,25
Declan McKenna,Sympathy,F Major,114,7B,42,79,67,84
Declan McKenna,Brazil,E Major,121,12B,83,62,69,67
Default,Wasting My Time,D Major,148,10B,39,77,44,17
Deftones,Mascara,F Minor,78,4A,77,45,47,5
Deftones,Hole in the Earth,F# Minor,206,11A,70,94,14,30
Deftones,Sextape,F Major,90,7B,82,63,37,10
Demi Lovato,Made In The USA,A♭ Major,87,4B,54,86,58,59
"Demi Lovato, Joe Jonas",This Is Me,C# Major,91,3B,40,83,45,56
Depeche Mode,Just Can't Get Enough,C Major,128,8B,77,77,77,92
DESTIN CONRAD,IN THE AIR,A♭ Major,115,4B,60,39,79,26
Destiny's Child,Girl,F# Minor,89,11A,56,75,57,56
Dexys Midnight Runners,Come On Eileen,D Major,107,10B,80,66,45,78
Diana Ross,I'm Coming Out,F Major,110,7B,75,83,72,77
Diego Torres,Color Esperanza,G Major,101,9B,69,88,62,77
"Dimitri Vegas & Like Mike, Timmy Trumpet, Edward Maya",Feel Your Love,A♭ Minor,125,1A,55,73,69,41
"Diplo, HUGEL, Julia Church",Stay High (feat. Julia Church),E Minor,128,9A,59,82,71,32
"Diplo, Jessie Murph, Polo G",Heartbroken (feat. Jessie Murph & Polo G),D Major,147,10B,72,59,67,63
Dire Straits,Brothers In Arms - Remastered 1996,A♭ Minor,79,1A,73,30,40,14
Dire Straits,Walk Of Life - Remastered 1996,E Major,172,12B,78,92,46,78
Disclosure,Afterthought,A Major,120,11B,37,74,72,47
"Disclosure, Eliza Doolittle",You & Me,B♭ Minor,130,3A,45,88,74,69
"Disclosure, Sam Smith",Latch,C# Major,122,3B,84,73,50,53
Disco Lines,Baby Girl,D Major,121,10B,69,91,73,25
"Distrion, Electro-Light",Drakkar,B Minor,128,10A,45,91,73,49
Division Street,"Lost, but Seeking",A♭ Minor,105,1A,33,54,70,35
"DJ Khaled, Drake",POPSTAR (feat. Drake),F Minor,163,4A,65,56,80,47
"DJ Scheme, Juice WRLD",Buck 50,C# Major,144,3B,61,54,66,15
"DJ Snake, Lil Jon",Turn Down for What,C# Minor,100,12A,73,80,82,8
"DJ Snake, Rick Ross, Rich Brian",Run It (feat. Rick Ross & Rich Brian),D Major,104,10B,61,73,69,23
"DJ Snake, Selena Gomez",Selfish Love (with Selena Gomez),F Minor,111,4A,59,65,72,44
Djo,End of Beginning,D Major,160,10B,91,45,69,91
Dmitry Evgrafov,Flutter,C# Major,205,3B,31,9,19,14
Dmitry Evgrafov,Unasked Questions,C Minor,102,5A,34,1,35,5
DNCE,Be Mean,A Major,94,11B,41,75,70,52
DNCE,Zoom,A♭ Major,125,4B,33,73,68,68
"do not resurrect, KEDALOS",Sarcophagus,B Major,95,1B,50,73,54,17
"Doe Boy, Roddy Ricch",REAL RECOGNIZE REAL (feat. Roddy Ricch),F Minor,154,4A,45,43,82,53
Doja Cat,Boss Bitch,B♭ Minor,126,3A,78,96,71,57
"Doja Cat, JID",Options (feat. JID),G Major,133,9B,62,52,84,28
"Doja Cat, Young Thug",Payday (feat. Young Thug),C# Major,169,3B,57,71,62,56
Dolly Parton,Jolene,C# Minor,111,12A,74,54,67,81
Dom Corleo,Penthouse Shordy,C# Minor,132,12A,64,77,68,57
"Dom Dolla, Clementine Douglas",Miracle Maker,B♭ Major,128,6B,68,94,61,24
"Dom Dolla, Tove Lo",CAVE (with Tove Lo),F# Minor,88,11A,66,67,49,11
Dominic Fike,Frisky,A Major,97,11B,68,48,86,81
Dominic Fike,Superstar Sh*t,E Minor,70,9A,68,39,76,20
Dominic Fike,3 Nights,G Minor,152,6A,79,52,82,88
Dominic Fike,She Wants My Money,A Major,129,11B,66,48,70,42
Dominic Fike,How Much Is Weed?,C# Major,154,3B,70,81,69,54
Dominic Fike,misses,D Major,120,10B,78,51,58,59
"Don Diablo, Zak Abel",Bad,C Major,124,8B,60,74,79,67
Don Omar,Guaya Guaya,G Major,92,9B,80,87,79,70
Don Toliver,After Party,F Major,163,7B,76,69,63,45
Don Toliver,No Idea,F# Minor,128,11A,83,63,65,35
Don Toliver,Cardigan,E Minor,142,9A,79,50,75,7
"Don Toliver, Travis Scott",You (feat. Travis Scott),C# Minor,118,12A,77,53,78,39
Donavon Frankenreiter,Free,F Major,125,7B,64,46,79,85
Dove Cameron,Boyfriend,G Minor,180,6A,72,61,35,23
Dr. Dog,That Old Black Hole,B Major,101,1B,37,88,53,64
"Dr. Dre, Eminem, Xzibit",What's The Difference,B Minor,92,10A,78,82,77,77
Drake,Massive,E Minor,125,9A,70,67,50,6
Drake,Jorja Interlude,B Major,123,1B,64,37,74,24
Drake,Circadian Rhythm,C# Minor,146,12A,79,57,69,29
Drake,Nothings Into Somethings,B Minor,97,10A,65,23,77,26
Drake,Can’t Take A Joke,B♭ Minor,174,3A,66,60,76,45
"Drake, GIVĒON",Chicago Freestyle (feat. Giveon),B♭ Major,123,6B,80,45,74,4
"Drake, Majid Jordan",Summers Over Interlude,E Minor,132,9A,74,26,70,24
"Drake, Majid Jordan","Hold On, We're Going Home",F# Minor,100,11A,78,41,77,29
Drayton Farley,Pitchin' fits,A Major,149,11B,59,27,43,34
Dreamcatcher,BEcause,E Minor,170,9A,54,94,55,46
Drew Holcomb & The Neighbors,Find Your People,F Major,87,7B,64,53,68,49
DripReport,Skechers,C# Major,100,3B,67,33,90,27
Dua Lipa,New Rules,A Minor,116,8A,64,70,76,61
Dua Lipa,Last Dance,A♭ Minor,136,1A,23,58,59,38
Dua Lipa,Be the One,G Minor,87,6A,52,65,66,37
Dubdogz,Techno Prank,D Major,124,10B,62,81,74,12
Duki,Ticket,A Major,90,11B,56,75,55,55
"Duki, Bizarrap",Malbec,A Minor,123,8A,69,69,71,44
Duran Duran,Hungry Like the Wolf - 2009 Remaster,C Major,128,8B,76,81,69,69
Duran Duran,Rio - 2009 Remaster,A Major,141,11B,65,87,54,68
"Dvicio, Taburete",5 Sentidos,F Major,176,7B,56,73,64,66
"dvsn, Ty Dolla $ign, Mac Miller",I Believed It (feat. Mac Miller),C# Minor,145,12A,48,70,52,70
Dylan Gossett,Tree Birds,G Major,180,9B,64,67,46,62
Dylan Gossett,Somewhere Between,G Major,145,9B,58,78,38,24
Dylan Scott,My Girl,C# Major,95,3B,70,72,65,24
Dynoro,Hangover,F Major,128,7B,59,83,70,15
Eagles,Hotel California - 2013 Remaster,D Major,147,10B,87,51,58,61
Eagles,Life in the Fast Lane - 2013 Remaster,A Major,110,11B,75,76,67,88
"Earl Sweatshirt, RZA",Molasses (feat. RZA),C# Major,79,3B,60,76,50,81
"Earth, Wind & Fire, The Emotions",Boogie Wonderland,D Minor,132,7A,82,76,80,96
EBK Jaaybo,Boogieman,F Minor,90,4A,72,54,72,67
Ed Sheeran,Galway Girl,A Major,100,11B,83,88,62,78
Ed Sheeran,Tenerife Sea,A♭ Major,122,4B,57,35,53,36
Ed Sheeran,Shape of You,C# Minor,96,12A,91,65,83,93
Ed Sheeran,Give Me Love,C# Major,116,3B,71,33,53,11
"Ed Sheeran, Khalid",Beautiful People (feat. Khalid),F Minor,93,4A,73,65,64,55
Eem Triplin,AWKWARD FREESTYLE,C# Major,158,3B,65,49,67,15
Electric Light Orchestra,Mr. Blue Sky,B♭ Major,178,6B,82,34,39,48
Electric Light Orchestra,Last Train to London,G Major,121,9B,76,54,73,95
Electric Light Orchestra,Livin' Thing,C Major,123,8B,74,65,55,37
Electric Light Orchestra,Evil Woman,A Minor,120,8A,63,62,68,74
Electric Light Orchestra,All Over the World,D Major,124,10B,54,75,66,80
Eli Young Band,Even If It Breaks Your Heart,C Major,208,8B,71,53,50,57
Eli Young Band,Love Ain't,B Major,98,1B,65,86,60,72
Ella Boh,a little bit,C# Minor,81,12A,61,71,61,33
Ella Mai,Naked - Bonus Track,A Major,175,11B,68,39,36,57
Ella Mai,Boo'd Up,B♭ Minor,82,3A,63,84,57,23
Ella Mai,My Way,F Major,100,7B,59,46,81,19
Ellie Goulding,How Long Will I Love You,C Major,126,8B,70,30,51,17
Ellie Goulding,Goodness Gracious,E Major,115,12B,37,79,58,60
Ellie Goulding,My Blood,A Minor,87,8A,68,59,48,31
"Ellie Goulding, Diplo, Swae Lee",Close To Me,C# Minor,144,12A,66,75,57,48
Elliott Smith,Angeles,E Minor,118,9A,59,10,53,60
Elton John,Bennie And The Jets - Remastered 2014,C Major,133,8B,78,67,67,78
Elton John,Daniel,C Major,132,8B,72,48,69,90
Elton John,I Guess That's Why They Call It The Blues,C Major,121,8B,73,66,67,67
Elton John,Crocodile Rock,E Minor,150,9A,76,80,62,97
Elvis Presley,Stuck On You,G Major,132,9B,58,68,65,96
Emile Mosseri,Jacob and the Stone,C# Major,84,3B,76,17,19,11
Empire Of The Sun,Half Mast,C Major,127,8B,71,74,78,78
Empire Of The Sun,Friends,A♭ Minor,120,1A,49,76,50,46
Endor,Pump It Up,C# Major,129,3B,74,89,90,65
Eric Bellinger,Drive By,C# Minor,128,12A,71,62,42,48
"Eric Bellinger, Fetty Wap, 2 Chainz",Valet (feat. Fetty Wap and 2 Chainz),C# Major,94,3B,58,53,75,33
Eric Church,Springsteen,D Major,104,10B,79,81,69,93
Eric Church,Hell Of A View,F Major,99,7B,67,59,69,92
Eric Reprid,80 Proof,G Major,81,9B,44,62,70,31
Eric Reprid,Get More,F# Minor,120,11A,44,55,89,44
"Erick Porta, Tony Pérez",No Hay Santo Como El Señor,A Minor,156,8A,41,89,55,54
"ERNEST, Lainey Wilson",Would If I Could (feat. Lainey Wilson),F# Major,90,2B,64,47,61,31
"ERNEST, Morgan Wallen",Flower Shops (feat. Morgan Wallen),G Major,128,9B,77,46,54,23
ESCALA & TION,Give It to Me,A♭ Minor,172,1A,29,82,55,49
Estelle,So Much out the Way,C# Major,94,3B,23,81,72,52
Etta James,A Sunday Kind Of Love,D Minor,86,7A,74,28,42,40
Evan Honer,You'd Never Know,B♭ Minor,88,3A,53,46,55,33
"Evan Honer, Wyatt Flores",Take Me As I Come,D Major,150,10B,68,40,51,39
Eve,Tambourine,C# Major,103,3B,70,85,82,57
Eve 6,Inside Out,B Major,176,1B,69,82,48,69
EVERGLOW,ZOMBIE,E Minor,122,9A,53,60,76,38
Evgeny Grinko,Serenade,E Minor,201,9A,52,31,13,25
F.R. David,Words - Original Version 1983,B♭ Minor,124,3A,77,78,54,54
"Fabich, Pastel, Jafunk, Bambie",Ecstasy,E Minor,120,9A,56,79,66,56
Faith No More,Epic,E Minor,174,9A,68,89,36,26
Famous Dex,JAPAN,F# Major,176,2B,66,68,73,84
"Famous Dex, A$AP Rocky",PICK IT UP (feat. A$AP Rocky),C# Major,136,3B,65,47,92,29
Fanny Lu,No Te Pido Flores,C# Major,104,3B,62,85,73,87
Fantasia,When I See U,A♭ Major,93,4B,73,60,57,75
"Far East Movement, Ryan Tedder, Ruff Loaderz",Rocketeer,E Minor,96,9A,72,85,66,36
"Fat Joe, Remy Ma, French Montana, InfaRed",All The Way Up (feat. Infared),B♭ Minor,175,3A,63,81,41,41
"Fatboibari, dhan",Chill Calling,A♭ Major,103,4B,45,27,52,35
Father John Misty,Real Love Baby,G Major,204,9B,81,69,42,63
Fergie,Barracuda,B Minor,136,10A,44,96,53,26
Fergie,Big Girls Don't Cry (Personal),G Major,113,9B,72,64,71,25
Fergie,London Bridge,C# Major,91,3B,67,61,77,63
Fernando Velázquez,Ojalá Tuviera Cien Años,B Minor,96,10A,35,3,12,3
Fifth Harmony,I'm In Love With a Monster,F# Minor,145,11A,36,81,67,87
"Fimiguerrero, YT",MVP,B Major,197,1B,64,80,52,39
Fine Young Cannibals,She Drives Me Crazy,D Major,109,10B,77,69,80,97
Finger Eleven,One Thing,C# Major,152,3B,63,56,59,45
FINNEAS,Flume - Spotify Singles,C Major,125,8B,42,7,34,10
FINNEAS,I'm in Love Without You,G Major,120,9B,48,52,61,32
Fireboy DML,Peru,G Minor,108,6A,64,42,95,63
First Aid Kit,My Silver Lining,D Major,102,10B,65,73,48,43
First Aid Kit,Wolf,A♭ Major,102,4B,59,75,52,42
Fish in a Birdcage,Rule #21 - Momento Mori,B Minor,110,10A,62,38,89,68
"FISHER, Aatig",Take It Off,C# Major,127,3B,57,71,88,58
Fitz and The Tantrums,MoneyGrabber,A Minor,113,8A,20,90,70,79
Fitz and The Tantrums,The Walker,A Minor,131,8A,64,80,77,73
Fitz and The Tantrums,Out of My League,A Minor,170,8A,79,97,55,53
"fkbambam, Luga",VACATION,C Major,127,8B,45,69,84,69
Flatland Cavalry,Mountain Song,B Major,92,1B,64,44,52,21
Fleetwood Mac,Silver Springs - 2004 Remaster,C Major,179,8B,79,58,35,43
Fleetwood Mac,Never Going Back Again - 2004 Remaster,F# Major,176,2B,72,34,65,95
Fleetwood Mac,Dreams - 2004 Remaster,C Major,120,8B,90,49,83,79
Fleetwood Mac,Seven Wonders - 2017 Remaster,E Major,119,12B,71,63,71,63
Fliwo,New Dimension,F Minor,174,4A,17,92,27,41
Flo Milli,In The Party,A Major,135,11B,65,61,92,42
Flo Rida,I Cry,E Minor,126,9A,74,82,69,76
"Flo Rida, T-Pain",Low (feat. T-Pain),B♭ Minor,128,3A,85,61,92,30
Florence + The Machine,Never Let Me Go,A Major,145,11B,70,74,48,25
Florence + The Machine,You've Got The Love,F# Major,110,2B,78,69,57,40
"Florida Georgia Line, Luke Bryan",This Is How We Roll,A♭ Major,132,4B,73,93,56,72
Flozigg,MUTUAL,F# Minor,130,11A,50,46,57,82
"Flume, Moon Holiday",Insane feat. Moon Holiday,F Minor,94,4A,61,54,49,5
Foals,My Number,F# Minor,128,11A,70,72,64,81
Foo Fighters,Monkey Wrench,E Major,174,12B,70,95,40,56
Foo Fighters,Everlong - Acoustic Version,D Major,144,10B,70,34,64,55
Foo Fighters,Best of You,C# Minor,130,12A,77,94,37,37
Foolio,Dead Opps Pt. 2,D Major,79,10B,62,46,87,42
Foreigner,I Want to Know What Love Is - 1999 Remaster,F# Major,81,2B,85,47,48,42
Foreigner,Waiting for a Girl like You,B♭ Minor,201,3A,78,47,33,43
Foreigner,Hot Blooded,C Major,118,8B,69,81,71,76
Foreigner,Juke Box Hero,A Major,177,11B,73,65,36,52
Foster The People,Houdini,A♭ Major,110,4B,73,91,63,76
Foster The People,Waste,A♭ Major,126,4B,59,74,68,85
Foster The People,A Beginner's Guide to Destroying the Moon,A♭ Major,120,4B,54,91,52,27
Foster The People,Pumped Up Kicks,F Minor,128,4A,87,71,73,97
Frank Ocean,Facebook Story,C Major,82,8B,61,18,53,70
Frank Ocean,Pink + White,A Major,160,11B,90,55,55,55
Frank Ocean,In My Room,G Major,158,9B,74,65,86,67
Frank Ocean,Thinkin Bout You,C Major,130,8B,87,34,72,20
Frank Ocean,Ivy,A Minor,116,8A,86,39,57,47
"Frank Ocean, John Mayer",White,C# Major,139,3B,65,7,61,29
Frankie Valli & The Four Seasons,Big Girls Don't Cry,D Major,130,10B,65,84,76,84
Frankie Valli & The Four Seasons,Sherry,C Major,118,8B,64,47,70,69
Franz Ferdinand,No You Girls,D Minor,105,7A,66,92,68,88
"Fred again.., The Blessed Madonna",Marea (we’ve lost dancing),F Minor,123,4A,74,78,76,47
Freddie Gibbs,On The Set,F Minor,81,4A,47,73,53,59
Fredo Bang,Trust Issues,F# Minor,164,11A,55,56,74,37
"Free Nationals, Syd",Shibuya (feat. Syd),E Minor,93,9A,62,67,76,81
"French Montana, Swae Lee",Unforgettable,F# Major,98,2B,88,77,73,73
"Frijo, Santoz, Duki",24K,C# Major,139,3B,55,83,81,91
Fuego Liquido,Rey De Mi Vida,C# Major,152,3B,42,66,54,81
fun.,Stars,C Major,161,8B,32,65,52,62
Future,PUFFIN ON ZOOTIEZ,A♭ Major,125,4B,78,66,88,28
Future Islands,Balance,C Major,155,8B,54,86,47,17
Future Islands,For Sure,B♭ Major,135,6B,55,76,58,78
"Future, Drake",Used to This (feat. Drake),E♭ Minor,165,2A,60,73,62,40
"Future, Drake",I'M ON ONE (feat. Drake),B Major,77,1B,68,71,77,11
"Future, Juice WRLD",Fine China,G Major,166,9B,71,54,66,55
"Future, Juice WRLD, Yung Bans",Different (feat. Yung Bans),A♭ Major,77,4B,53,52,46,68
"Future, Metro Boomin, Travis Scott, Playboi Carti",Type Shit,D Major,145,10B,86,55,64,11
"Future, Travis Scott",First Off (feat. Travis Scott),C# Major,162,3B,62,68,73,45
"G Herbo, Juice WRLD",Never Scared (feat. Juice WRLD),C# Major,82,3B,51,74,52,14
G-Eazy,Calm Down,B Major,102,1B,58,62,54,41
"G-Eazy, Chris Brown, Mark Morrison",Provide (feat. Chris Brown & Mark Morrison),A Minor,95,8A,53,80,63,67
"G-Eazy, Jack Harlow",Moana,C# Major,206,3B,51,50,76,35
G-Unit,I'm So Hood,F# Major,174,2B,58,61,79,87
Gabinoros,Crazy All My Life,F Minor,120,4A,36,95,78,97
Gabriel De Jesús,Damos Honor A Ti,E Major,103,12B,40,37,47,30
Gabriella Rose,Doublewide,A Major,108,11B,68,48,72,77
Gala,Freed from Desire,D Minor,129,7A,53,76,72,67
"GAMPER & DADONI, Emily Roberts",Bittersweet Symphony,A Major,124,11B,74,58,68,45
Garbage,Cherry Lips (Go Baby Go!) - Remastered 2021,F# Minor,116,11A,47,40,89,97
Garbage,Only Happy When It Rains,C# Minor,121,12A,62,83,51,49
Gavin Adcock,On One,C# Minor,118,12A,68,74,63,69
Gavin Adcock,A Cigarette,G Major,136,9B,75,15,61,21
"GEE LEE, India Shan",Fast Life,F# Minor,125,11A,66,73,85,49
Generationals,Put a Light On,C# Major,100,3B,60,77,69,49
George Birge,Cowboy Songs,B♭ Minor,82,3A,61,84,44,34
George Ezra,Green Green Grass,A♭ Major,113,4B,75,74,69,80
George Harrison,Got My Mind Set on You,E Major,149,12B,78,85,76,96
George Harrison,What Is Life (2014 Remaster),E Major,131,12B,66,84,47,90
George Michael,Freedom! '90 - Remastered,F Major,92,7B,71,86,67,94
George Michael,Faith - Remastered,B Major,96,1B,78,48,89,61
Gerry Rafferty,Right Down the Line,C Major,128,8B,81,32,78,77
Ghost and Pals,Perfect Nothing,C# Minor,126,12A,62,88,54,75
Gilbert O'Sullivan,Alone Again (Naturally),A♭ Minor,172,1A,74,53,56,61
Gillette,Short Short Man,C Major,127,8B,55,76,93,92
girl in red,i need to be alone.,B♭ Major,148,6B,57,55,51,59
girl in red,October Passed Me By,E Minor,78,9A,63,37,51,22
girl in red,i wanna be your girlfriend,G Major,156,9B,75,38,54,34
GIVĒON,All To Me,F Minor,116,4A,70,54,52,32
GIVĒON,Lost Me,D Minor,88,7A,72,44,43,20
GIVĒON,For Tonight,A Major,80,11B,68,51,61,18
GIVĒON,Vanish,B♭ Minor,129,3A,62,22,54,35
gizmo,I Put My Dick in Your Mental,C# Major,110,3B,42,75,77,19
Glass Animals,Heat Waves,B Major,81,1B,87,53,76,53
Global Dan,Had Me At Goodbye,A Major,150,11B,29,63,60,13
GloRilla,Yeah Glo!,B Minor,148,10A,77,66,89,18
glue70,Highway Broken,C# Major,170,3B,37,80,59,96
"gnash, Vancouver Sleep Clinic",stargazing (feat. Vancouver Sleep Clinic),D Major,107,10B,22,28,50,31
Godsmack,Voodoo,B♭ Minor,120,3A,69,61,78,85
"GoldLink, Brent Faiyaz, Shy Glizzy",Crew (feat. Brent Faiyaz & Shy Glizzy),C# Minor,130,12A,77,61,73,45
Good Charlotte,I Just Wanna Live,B♭ Minor,111,3A,28,83,80,94
Gorillaz,On Melancholy Hill,D Major,120,10B,84,74,69,58
Gracie Abrams,"I Love You, I'm Sorry",B♭ Major,116,6B,90,41,53,34
Gracie Abrams,"I miss you, I’m sorry",G Major,110,9B,86,46,45,15
Graham Barham,WHISKEY WHISKEY,C# Minor,122,12A,68,69,75,50
Green Day,Good Riddance (Time of Your Life),G Major,95,9B,83,43,48,65
Green Day,Longview,B♭ Minor,143,3A,69,73,38,81
Gregory Alan Isakov,San Luis,G Minor,82,6A,73,43,57,26
Greta Van Fleet,Black Smoke Rising,G Major,100,9B,69,90,56,57
Grizzly Bear,Yet Again,E Minor,136,9A,48,88,47,46
GROUPLOVE,Raspberry,E♭ Major,105,5B,60,78,49,45
GROUPLOVE,Tongue Tied,E♭ Major,113,5B,81,94,56,37
"Gucci Mane, Lil Baby",Both Sides (feat. Lil Baby),C# Major,160,3B,40,61,83,18
Guchi,Jennifer,A♭ Major,170,4B,39,62,73,72
Gunna,hakuna matata,F Minor,138,4A,80,73,93,69
Gunna,on one tonight,E Minor,130,9A,81,73,89,93
"Gunna, Lil Baby, Young Thug",Oh Okay (feat. Young Thug & Lil Baby),A♭ Major,140,4B,66,52,89,73
Guns N' Roses,Don't Cry (Original),B Major,125,1B,81,59,46,25
Gwen Stefani,Hollaback Girl,B♭ Minor,110,3A,72,92,93,90
Gwen Stefani,4 In The Morning,B♭ Major,92,6B,51,83,70,50
"Gwen Stefani, Akon",The Sweet Escape,C# Major,120,3B,76,77,76,73
Gym Class Heroes,Cupid's Chokehold / Breakfast in America,C# Minor,79,12A,79,74,72,62
H.E.R.,Every Kind Of Way,G Major,96,9B,66,30,45,21
"Hailee Steinfeld, DNCE",Rock Bottom,A♭ Major,158,4B,43,71,61,64
hako,listen!,B Minor,134,10A,69,68,74,13
"Halsey, Juice WRLD",Without Me,F# Major,136,2B,70,51,74,45
"Halsey, SUGA, BTS",SUGA's Interlude,C Major,79,8B,61,73,44,24
HARDY,Buck On The Wall,C# Major,92,3B,63,71,54,50
HARDY,GIVE HEAVEN SOME HELL,B Major,126,1B,73,84,64,53
HARDY,TRUCK BED,C Major,132,8B,78,77,66,77
Harry Styles,Watermelon Sugar,C Major,95,8B,86,82,55,56
Harry Styles,Late Night Talking,B♭ Major,115,6B,80,73,71,90
Harry Styles,Little Freak,E♭ Major,142,5B,75,54,56,40
Harry Styles,Lights Up,B♭ Minor,102,3A,71,62,57,27
Harry Styles,Adore You,A♭ Major,99,4B,80,77,68,57
Harry Styles,Sign of the Times,F Major,120,7B,87,60,52,22
"HEALTH, Ghostemane",JUDGEMENT NIGHT,D Major,120,10B,47,60,64,4
Heart,Crazy On You,A Minor,130,8A,72,46,44,38
Henrik,Half of forever,A Major,77,11B,74,31,75,48
Her's,Harvey,A Major,142,11B,75,86,59,72
Highly Suspect,Lydia,F# Minor,128,11A,66,71,42,51
Hinder,Lips Of An Angel,D Major,129,10B,78,74,48,25
Hior Chronik,In The Morning I'll Be With You,A Minor,69,8A,36,1,36,18
"Hior Chronik, Georgios Papadopoulos",Whispers From The Surface Of A Lake,A Minor,143,8A,41,23,22,4
Hippie Sabotage,Devil Eyes,C# Minor,99,12A,78,40,39,20
Hollow Coves,The Woods,A Major,106,11B,65,41,80,22
Homixide Gang,SSN,C# Minor,77,12A,54,58,71,51
Homixide Gang,55 Lifestyle,G Major,151,9B,57,42,67,15
Homixide Gang,Lifestyle,A Major,144,11B,61,79,73,52
"Homixide Gang, R5 Homixide",5unna,B Major,146,1B,61,64,69,55
Hootie & The Blowfish,Only Wanna Be With You,F# Major,103,2B,74,87,49,51
Hot Hot Heat,Bandages,E Minor,150,9A,47,95,38,86
Hot Hot Heat,Goodnight Goodnight,B♭ Major,168,6B,40,90,35,88
Hotboii,Goat Talk,F Minor,166,4A,55,59,65,64
Hotboii,Dim,A♭ Major,165,4B,52,60,78,60
Hotel Pools,Eclipse,B Minor,170,10A,48,67,49,38
Hotel Ugly,I Think I Left the Stove On,C# Minor,140,12A,74,71,77,80
Hotel Ugly,Shut up My Moms Calling,A Minor,138,8A,88,41,49,38
Houndmouth,Sedona,E♭ Major,135,5B,61,65,39,26
Hozier,Take Me To Church,E Minor,129,9A,86,66,57,44
Hozier,Too Sweet,B♭ Major,117,6B,86,64,74,96
Hozier,Like Real People Do,G Major,140,9B,76,18,54,14
Hozier,Almost (Sweet Music),G Major,90,9B,76,69,52,71
Hozier,Someone New,G Major,184,9B,81,53,44,60
HRVY,1 Day 2 Nights,C Major,122,8B,52,75,75,91
Huddy,Teenage Heartbreak,D Major,170,10B,37,86,44,62
Hudson Westbrook,Weatherman,A Minor,150,8A,70,45,54,63
Hudson Westbrook,Take Your Time,G Major,182,9B,69,38,49,60
Huey Lewis & The News,The Power Of Love,F Major,119,7B,77,83,77,96
"Huncho Jack, Travis Scott, Quavo",Modern Slavery,E Minor,134,9A,59,73,77,50
"Huncho Jack, Travis Scott, Quavo",Best Man,A♭ Major,107,4B,49,69,67,16
"Huncho Jack, Travis Scott, Quavo",Motorcycle Patches,A♭ Major,163,4B,60,66,87,44
Ian Munsick,Horses Are Faster,A Major,81,11B,63,71,31,46
iann dior,emotions,A Major,81,11B,71,63,63,16
iann dior,Good Day,D Major,82,10B,58,63,71,45
iann dior,I Find It Hard,C# Major,152,3B,37,62,74,54
iann dior,is it you,G Major,81,9B,44,72,43,19
Icewear Vezzo,Back On The Road,A♭ Minor,75,1A,51,61,87,66
"Icona Pop, Charli xcx",I Love It (feat. Charli XCX),A♭ Major,126,4B,77,91,71,82
"Icona Pop, VIZE",Off Of My Mind,C# Major,126,3B,55,76,80,59
"Ida Corr, Fedde Le Grand",Let Me Think About It,C Minor,129,5A,71,75,76,72
"IDK, Denzel Curry",ONCE UPON A TIME (FREESTYLE),B♭ Minor,91,3A,61,81,76,71
"Iggy Azalea, Anitta",Switch,E Minor,110,9A,47,63,91,38
"Iggy Azalea, Rita Ora",Black Widow,E♭ Minor,164,2A,66,72,74,51
"ILIRA, VIZE",Dynamite,A♭ Major,108,4B,50,82,76,39
Ilkay Sencan,Do It,C# Major,108,3B,49,87,80,20
ilyTOMMY,Princess Bubblegum,G Major,140,9B,69,48,59,7
Imagine Dragons,Roots,G Minor,158,6A,66,89,64,60
Imagine Dragons,Sharks,B♭ Minor,124,3A,76,64,93,90
Inayah,Best Thing,A♭ Minor,93,1A,62,47,71,38
Incubus,Drive,E Minor,91,9A,82,79,65,67
Incubus,The Warmth,C Major,147,8B,60,68,59,35
Incubus,Here in My Room,A♭ Major,142,4B,47,65,46,19
Incubus,Dig,B Major,78,1B,66,90,45,46
Incubus,"Promises, Promises",C Major,144,8B,52,71,59,85
Indivision,In Vitro,D Major,175,10B,30,96,49,62
Interaction,Voyage Through The Void - Original Mix,A Minor,175,8A,13,85,48,23
"Internet Money, Gunna, Don Toliver, NAV",Lemonade (feat. NAV),C# Minor,140,12A,78,66,80,46
"Internet Money, Lil Tecca, Lil Mosey",JETSKI,A♭ Minor,93,1A,62,45,88,46
"Internet Money, The Kid LAROI",Speak,B Major,158,1B,57,71,71,57
Interpol,Obstacle 1,F Major,121,7B,63,94,38,39
INXS,Mystify,A Minor,129,8A,67,84,60,43
INXS,Need You Tonight,B♭ Minor,109,3A,75,63,80,79
INXS,New Sensation,A Major,115,11B,70,95,68,93
Iron Maiden,The Trooper - 2015 Remaster,E Minor,160,9A,76,91,28,67
Isabel LaRosa,i'm yours,F Minor,111,4A,81,71,40,64
Isabel LaRosa,older,E♭ Minor,68,2A,80,51,47,42
Isabel LaRosa,Pretty Boy,C# Major,136,3B,59,90,72,64
Isaiah Rashad,Park,G Major,100,9B,57,63,86,54
Isaiah Rashad,Find a Topic (homies begged),G Major,131,9B,61,57,91,55
"Isaiah Rashad, Smino",Claymore (feat. Smino),C# Major,141,3B,57,52,69,68
"Issam Alnajjar, Loud Luxury, Ali Gatie",Turning Me Up (Hadal Ahbek),B Major,120,1B,46,82,74,75
Istasha,Captions Are Automatically Generated,D Major,120,10B,52,55,80,29
IVE,ELEVEN,A Major,120,11B,72,73,83,59
Iyaz,Replay,A Major,91,11B,85,75,71,20
"J Balvin, Skrillex",In Da Getto,A♭ Major,127,4B,71,72,92,64
"J Balvin, Sky Rompiendo",Verde,A♭ Minor,95,1A,59,74,83,82
j-hope,MONA LISA,C# Major,138,3B,88,81,80,96
J. Cole,a m a r i,E Minor,66,9A,68,71,73,21
J. Cole,Huntin’ Wabbitz,C# Minor,114,12A,73,49,81,43
J. Dash,Wop (Official Version),G Major,112,9B,58,71,85,60
J.I the Prince of N.Y,Love Won’t Change,D Major,87,10B,59,59,50,22
J.I the Prince of N.Y,Blame on Me,F Minor,81,4A,62,37,80,46
Jace!,556 (Green Tip),D Major,75,10B,61,28,87,49
Jack Harlow,WHATS POPPIN,B Minor,145,10A,74,60,92,83
"Jack Harlow, Pooh Shiesty",SUVs (Black on Black),C# Major,163,3B,65,69,80,50
Jack Johnson,Banana Pancakes,G Major,115,9B,73,37,81,63
"JACKBOYS, Pop Smoke, Travis Scott",GATTI,D Major,143,10B,73,68,59,47
"JACKBOYS, Sheck Wes",GANG GANG,G Minor,123,6A,69,60,86,57
"JACKBOYS, Travis Scott, Don Toliver",WHAT TO DO? (feat. Don Toliver),A Minor,118,8A,72,59,64,20
Jackie Wilson,Reet Petite,F Major,84,7B,57,66,66,87
Jacobo Ramos,Si Acaso Se Me Olvida,A Major,135,11B,49,47,50,13
Jacobo Ramos,Tu eres Rey,G Major,122,9B,24,95,52,33
Jaheim,Put That Woman First,F Minor,79,4A,61,54,65,51
Jalen Santoy,Foreplay,F Minor,119,4A,70,34,79,58
James Arthur,Can I Be Him,B Major,108,1B,83,54,70,48
James Taylor,Fire and Rain - 2019 Remaster,F Major,76,7B,75,27,60,34
"Jameson Rodgers, Luke Combs",Cold Beer Calling My Name,G Major,148,9B,64,86,59,79
Jamie Miller,Maybe Next Time,B Major,80,1B,66,37,61,35
Jane's Addiction,Jane Says,D Major,82,10B,65,60,40,50
"Janet Jackson, Nelly",Call On Me,A♭ Minor,82,1A,62,67,71,77
Janis Joplin,Me and Bobby McGee,D Major,93,10B,72,46,43,66
Jasiah,Crisis,B♭ Minor,166,3A,54,79,76,58
Jason Derulo,The Other Side,A Major,128,11B,67,84,56,52
Jason Mraz,The Dynamo of Volition,B Minor,118,10A,32,82,71,74
Jason Mraz,Coyotes,F Minor,100,4A,32,70,70,65
Jason Mraz,Curbside Prophet,F Major,178,7B,40,79,62,89
Jason Mraz,I'm Yours,B Major,151,1B,81,44,70,71
"Jawsh 685, Jason Derulo",Savage Love (Laxed - Siren Beat),C Minor,150,5A,74,48,77,76
"Jay Gwuapo, Pop Smoke",Black Mask (feat. Pop Smoke),C# Major,144,3B,42,67,82,26
"Jay Rock, Tee Grizzley",Shit Real (feat. Tee Grizzley),A♭ Minor,104,1A,47,68,84,30
"Jay Sean, Gucci Mane, Asian Doll",With You,B♭ Minor,130,3A,51,57,79,73
"Jay Sean, Sean Paul, Lil Jon",Do You Remember,B Major,126,1B,74,67,85,82
"Jay Wheeler, NOREH",Lugar Seguro,D Major,87,10B,70,36,42,40
JayDaYoungan,Thot Thot,C Minor,148,5A,64,52,82,66
JayDaYoungan,Elimination,E Minor,129,9A,70,52,76,70
Jaymes Young,I'll Be Good,G Major,89,9B,63,28,39,13
"Jazmine Sullivan, Ari Lennox",On It,C# Minor,128,12A,53,38,42,23
"JC Reyes, Camin",34 Amor y Mafia,A Major,94,11B,70,77,84,83
Jefferson Airplane,White Rabbit,D Major,107,10B,71,29,55,32
Jend,In The Dark,G Major,126,9B,68,63,80,73
"JENNIE, Dua Lipa",Handlebars (feat. Dua Lipa),D Major,152,10B,86,86,51,67
"Jennifer Lopez, Pitbull",On The Floor - Radio Edit,B Major,130,1B,78,69,76,44
Jeremy Zucker,comethru,C Major,94,8B,75,18,80,61
Jeremy Zucker,scared,F Major,108,7B,58,8,58,35
"Jeremy Zucker, Bea Miller",comethru (with Bea Miller),C Major,94,8B,57,19,76,60
"Jeremy Zucker, Chelsea Cutler",you were good to me,D Major,102,10B,72,8,56,21
Jeris Johnson,roses red,A♭ Major,148,4B,51,74,56,48
"Jessie J, Ariana Grande, Nicki Minaj",Bang Bang,C Minor,150,5A,83,79,71,75
"Jessie J, B.o.B",Price Tag,F Major,175,7B,53,84,64,69
Jet,Look What You've Done,C Major,74,8B,66,54,40,33
JID,151 Rum,G Major,130,9B,69,87,76,67
"JID, BJ The Chicago Kid",Skrawberries (feat. BJ The Chicago Kid),F# Minor,81,11A,55,77,61,51
Jim Croce,Time in a Bottle,D Major,134,10B,75,16,53,59
Jim Croce,Operator (That's Not the Way It Feels),G Major,130,9B,74,53,69,81
Jimmy Eat World,Hear You Me,E Major,136,12B,68,52,47,14
Jin,Falling,A♭ Minor,128,1A,63,71,66,61
Jin,I’ll Be There,B♭ Major,149,6B,69,74,54,74
Job González,Tu Fidelidad (En Vivo) [Reprise],G Major,72,9B,26,21,36,21
Joe Cocker,You Are So Beautiful,C# Major,83,3B,68,18,30,9
Joe Jonas,Heart By Heart,G Major,148,9B,70,84,54,52
Joe Walsh,Life's Been Good,D Major,99,10B,69,48,51,54
Joel Corry,Lonely,F Major,124,7B,61,92,70,72
"Joel Corry, MNEK",Head & Heart (feat. MNEK),A♭ Major,123,4B,79,87,73,91
Joey Bada$$,Love Is Only a Feeling,C# Minor,90,12A,78,68,63,50
"Joey Bada$$, Capital Steez",Survival Tactics,C# Major,200,3B,67,84,53,92
Jóhann Jóhannsson,The Theory of Everything,D Major,104,10B,60,12,42,18
John Denver,Sunshine On My Shoulders,B♭ Major,147,6B,63,17,32,26
John Denver,Rocky Mountain High,E Major,81,12B,71,44,46,72
John Parr,St Elmo's Fire (Anniversary Edition),A Major,111,11B,67,83,57,54
"John Travolta, Olivia Newton-John",You're The One That I Want - From “Grease”,C Major,107,8B,81,61,76,82
"John Travolta, Olivia Newton-John",Summer Nights - From “Grease”,D Major,124,10B,75,66,75,61
John Vincent III,Next to You,G Major,132,9B,73,42,44,7
Joji,Demons,D Minor,168,7A,64,38,46,4
Joji,Pills,B Major,81,1B,56,41,45,24
Joji,SLOW DANCING IN THE DARK,E♭ Major,89,5B,84,48,52,28
JoJo,Too Little Too Late,F# Minor,82,11A,75,80,42,73
JoJo,Baby It's You,C# Major,120,3B,63,40,90,69
Jon Bellion,All Time Low,C Major,90,8B,68,57,62,51
Jon Pardi,Your Heart Or Mine,F Minor,86,4A,73,71,64,72
Jon Pardi,Last Night Lonely,F# Major,103,2B,71,81,65,85
Jon Pardi,Heartache On The Dance Floor,A Major,116,11B,78,83,60,62
Jon Pardi,Night Shift,D Major,96,10B,77,75,63,73
"Jonas Blue, Dakota",Fast Car,A Major,114,11B,79,58,67,55
"Jonas Blue, William Singe",Mama,B Minor,104,10A,76,79,74,57
Jonas Brothers,Sucker,C# Minor,138,12A,81,73,84,95
Jonas Brothers,Burnin' Up,D Major,114,10B,68,95,67,81
Jonas Colstrup,Slow Down,D Minor,91,7A,29,4,32,18
Jordan Davis,Take It From Me,B♭ Major,100,6B,70,89,59,67
Jordan Davis,Learn The Hard Way,A Major,158,11B,68,75,58,57
"Jordan Davis, Luke Bryan",Buy Dirt,E Major,178,12B,80,56,59,44
José González,Heartbeats,E♭ Major,88,5B,64,18,59,31
Joy Boyz,Joy Eyes,E♭ Minor,175,2A,13,35,50,4
Joy Division,Love Will Tear Us Apart - 2020 Remaster,D Major,147,10B,72,92,53,90
JPEGMAFIA,BALD!,B♭ Major,155,6B,59,92,59,68
Juan Carlos Alvarado,El Poderoso de Israel,D Major,151,10B,54,93,52,76
Juan Carlos Alvarado,Cantaré Al Señor Por Siempre,E Minor,155,9A,54,98,46,74
Juice WRLD,End Of The Road,C# Minor,110,12A,69,72,37,29
Juice WRLD,Wishing Well,A Minor,150,8A,80,61,65,8
Juice WRLD,Lucid Dreams,F# Minor,84,11A,86,57,51,22
"Juice WRLD, benny blanco",Real Shit (with benny blanco),C# Major,76,3B,61,70,70,70
"Juice WRLD, Lil Uzi Vert",Wasted (feat. Lil Uzi Vert),C Major,145,8B,78,58,74,50
Julian Casablancas,11th Dimension,F# Minor,126,11A,55,93,57,37
"Juls, Masego",Perspective,B♭ Minor,98,3A,47,71,77,69
Jung Kook,Hate You,D Major,80,10B,74,27,42,25
Jungle,Busy Earnin',B♭ Minor,100,3A,68,88,55,75
Justice,New Lands,E Major,127,12B,57,82,45,30
Justin Bieber,Ghost,D Major,154,10B,85,74,60,44
Justin Bieber,Sorry,C Minor,100,5A,87,76,66,41
Justin Bieber,What Do You Mean?,F Minor,125,4A,84,57,85,79
"Justin Bieber, benny blanco",Lonely (with benny blanco),B Minor,79,10A,73,24,62,7
Justin Hurwitz,Sextant,G Minor,105,6A,50,11,49,53
Justin Hurwitz,Quarantine,C# Minor,90,12A,51,4,29,30
Justin Hurwitz,Armstrong Cabin,G Minor,116,6A,59,20,44,7
JVKE,Upside Down,D Major,120,10B,59,50,88,48
"K Dos, Coi Leray",Games,A Minor,150,8A,0,51,78,67
K.Flay,Blood In The Cut,D Major,130,10B,62,66,77,64
Kaash Paige,Love Songs - Bonus,F Major,120,7B,83,36,64,45
Kacey Musgraves,Follow Your Arrow,F Major,196,7B,65,65,45,57
KAI,Rover,C# Minor,186,12A,73,81,63,55
Kaiit,OG Luv Kush pt.2,F# Major,90,2B,49,37,77,26
Kalash Criminel,Piano sombre,A♭ Major,98,4B,54,57,80,64
KALEO,Automobile,D Major,126,10B,57,55,69,36
KALEO,I Want More,A♭ Major,98,4B,57,53,55,36
Kali Uchis,Your Teeth In My Neck,E♭ Minor,116,2A,72,60,85,86
Kali Uchis,Dead To Me,E Minor,119,9A,77,76,68,43
"Kaliii, ATL Jacob",MMM MMM (feat. ATL Jacob),A Major,87,11B,54,44,85,19
Kane Brown,Heaven,A Major,80,11B,74,56,68,52
Kankan,Wokeup,B♭ Minor,140,3A,65,26,71,47
Kanon Wakeshima,skip turn step♪,F Major,133,7B,25,53,67,30
Kanye West,Father Stretch My Hands Pt. 1,G Major,113,9B,83,57,72,44
"Kanye West, Adam Levine",Heard 'Em Say,G Minor,95,6A,52,70,74,56
"Kanye West, Jamie Foxx",Gold Digger,C# Minor,93,12A,68,70,63,62
"Kanye West, Lil Pump",I Love It (& Lil Pump),D Major,104,10B,71,52,90,33
KARD,CAKE,C# Major,100,3B,19,86,76,39
KAROL G,"Ay, DiOs Mío!",B Major,180,1B,73,71,72,52
"KAROL G, Dei V",GATITA GANGSTER,B♭ Minor,97,3A,71,55,83,53
"KAROL G, Quevedo",PERO TÚ,F# Major,140,2B,77,79,86,68
Kash Doll,Doin Too Much,G Major,160,9B,46,45,85,80
KATSEYE,Touch,F Minor,167,4A,83,90,74,79
KATSEYE,Debut,B Major,122,1B,77,60,87,71
Katy Perry,This Is How We Do,A Minor,96,8A,61,64,69,80
Katy Perry,Part Of Me,F Major,130,7B,73,92,67,76
Katy Perry,Roar,G Minor,90,6A,80,77,67,44
Katy Perry,Waking Up In Vegas,F Minor,131,4A,47,88,52,59
"Katy Perry, Juicy J",Dark Horse,F# Major,132,2B,83,59,65,35
"KAYTRANADA, Syd",YOU'RE THE ONE (feat. Syd),D Major,118,10B,53,39,82,24
KC & The Sunshine Band,That's the Way (I Like It) - 2004 Remaster,F Minor,109,4A,65,88,68,92
Keane,Everybody's Changing,C Major,94,8B,70,83,52,45
"Keith Urban, P!nk",One Too Many,E Major,83,12B,63,54,70,59
Kelis,Milkshake - Radio Mix,C# Major,113,3B,60,77,89,82
Kelly Rowland,Work,B♭ Minor,103,3A,32,84,88,62
Kelsey Hart,Life With You,E♭ Major,125,5B,65,56,60,31
Ken Carson,Yale,C# Major,142,3B,80,44,73,44
Kendrick Lamar,A.D.H.D,A Major,158,11B,77,80,61,58
Kendrick Lamar,DNA.,C# Major,140,3B,83,52,64,42
Kendrick Lamar,Swimming Pools (Drank),A♭ Major,74,4B,83,45,69,20
"Kendrick Lamar, SZA",All The Stars (with SZA),A♭ Major,97,4B,94,63,70,56
"Kendrick Lamar, Zacari",LOVE. FEAT. ZACARI.,B♭ Major,126,6B,87,59,80,78
Kenny Loggins,Footloose,A Major,174,11B,41,90,55,49
Kep1er,Up!,F# Major,124,2B,46,93,75,93
Kesha,Your Love Is My Drug,C# Major,120,3B,76,61,83,76
Kesha,Crazy Kids,C Minor,128,5A,51,71,74,48
Kevin Abstract,Peach,G Major,132,9B,65,68,65,42
Kevin MacLeod,One-eyed Maestro,F Minor,102,4A,28,50,77,64
Key Glock,Gang Shit No Lame Shit,F Major,115,7B,71,43,83,38
Key Glock,Mr. Glock,G Major,150,9B,74,95,80,75
Key Glock,Word on the Streets,B♭ Minor,148,3A,72,65,89,80
Kezco,Carry It,D Major,130,10B,53,70,80,26
khai dreams,Lost in You,F Minor,90,4A,55,61,77,79
Khalid,Stay,F Minor,125,4A,52,63,67,43
Khalid,My Bad,C Minor,85,5A,55,58,58,37
"Khalid, Normani",Love Lies,F# Major,144,2B,76,65,71,34
KHEA,Dónde Estás,G Major,90,9B,68,62,71,61
"KHEA, Midel, Duki",Ánimo (feat. Duki & Midel),C Minor,130,5A,52,59,82,46
"Kidd Snooze, 347aidan",World Ends,A Minor,72,8A,35,21,76,49
KIDS SEE GHOSTS,Fire,F# Major,105,2B,59,75,71,37
KIDS SEE GHOSTS,Reborn,C Major,100,8B,67,60,59,23
"Kierra Luv, iann dior",Run Away,B♭ Major,95,6B,17,73,76,33
King Von,Took Her To The O,C# Major,160,3B,84,59,82,40
King Von,Armed & Dangerous,C# Major,188,3B,82,59,70,23
King Von,3 A.M.,C# Major,140,3B,71,49,89,7
King Von,Ride,D Minor,162,7A,71,59,60,35
King Von,Wayne's Story,A♭ Major,144,4B,65,48,66,37
Kings of Leon,Waste A Moment,D Major,153,10B,73,85,44,54
Kings of Leon,Radioactive,F Major,126,7B,55,93,41,36
KIRBY,Kool Aid,E Minor,155,9A,57,73,57,47
KISS OF LIFE,Igloo,B Minor,140,10A,82,61,92,87
Kizz Daniel,Cough (Odo),F Minor,110,4A,68,69,88,92
"Kizz Daniel, Philkeyz",Nesesari,F Minor,111,4A,66,79,79,95
"Kizz Daniel, The Cavemen.",Oshe (feat. The Cavemen.),F# Major,108,2B,56,55,92,85
Kodak Black,Transportin',B♭ Minor,94,3A,80,66,80,26
Kodak Black,Super Gremlin,D Major,73,10B,73,41,83,11
"Kodak Black, XXXTENTACION",Roll in Peace (feat. XXXTENTACION),B♭ Minor,140,3A,76,52,75,36
Kodaline,High Hopes,E Major,77,12B,67,49,49,22
Kool & The Gang,Fresh,B Minor,118,10A,70,38,84,95
Kool & The Gang,Celebration - Single Version,C# Major,121,3B,66,84,82,95
KT Tunstall,Black Horse And The Cherry Tree,E Minor,105,9A,64,79,75,92
KT Tunstall,Suddenly I See,C Major,100,8B,80,77,59,66
"Kungs, David Guetta, Izzy Bizu",All Night Long,C# Minor,126,12A,66,92,70,45
Kurt Cobain,And I Love Her,C# Major,97,3B,66,28,62,44
Kuzu Mellow,Sunflower Feelings,C Major,130,8B,51,45,82,56
"Kygo, Labrinth",Fragile,F Major,150,7B,63,42,47,22
"Kygo, Tina Turner",What's Love Got to Do with It,A♭ Minor,105,1A,71,66,75,62
Kyle Hume,Fine,C# Major,78,3B,67,57,62,68
La Oreja de Van Gogh,Rosas,A Major,107,11B,80,69,78,54
La Roux,Bulletproof,E♭ Minor,123,2A,76,88,67,68
Labrinth,Formula,B Major,145,1B,79,66,57,23
Labrinth,Still Don't Know My Name,F Major,90,7B,76,63,32,31
Lady Gaga,Garden Of Eden,C# Major,125,3B,87,91,67,61
Lady Gaga,Poker Face,E Major,119,12B,89,81,85,77
Lady Gaga,Paparazzi,F Minor,115,4A,84,69,76,40
"Lady Gaga, Ariana Grande",Rain On Me (with Ariana Grande),A Major,123,11B,76,86,67,65
"Lady Gaga, Colby O'Donis",Just Dance,C# Minor,119,12A,87,74,82,75
Lainey Wilson,Heart Like A Truck,A Major,140,11B,78,63,59,39
Lancey Foux,RESPECT,D Major,140,10B,50,64,71,20
LANCO,Greatest Love Story,B♭ Major,148,6B,68,62,67,62
"Landon Cube, 24kGoldn",Eighties,E Major,185,12B,43,79,50,62
"Lara91k, Duki, Yesan 雪山, Percii",Eres Para Mí,E♭ Minor,105,2A,49,53,79,68
"Larry June, The Alchemist, Big Sean","Palisades, CA",C Minor,130,5A,56,74,71,68
"Last Dude, Juice",I'm Here,F# Minor,84,11A,0,45,43,22
Lauren Spencer Smith,Fingers Crossed,F Major,109,7B,74,47,56,44
Layton Greene,Myself,B Major,138,1B,63,53,36,32
LAZER DIM 700,Laced max,B Minor,100,10A,67,52,77,8
LCD Soundsystem,Daft Punk Is Playing at My House,G Major,136,9B,62,91,92,97
LE SSERAFIM,CRAZY,B Minor,130,10A,80,90,80,53
LE SSERAFIM,EASY,C Major,165,8B,78,70,74,60
"LE SSERAFIM, Nile Rodgers",UNFORGIVEN (feat. Nile Rodgers),E Minor,104,9A,73,88,80,38
Lee Brice,Rumor,A Major,141,11B,78,56,66,60
Leon Bridges,Better Man,G Major,188,9B,62,75,40,67
Leon Bridges,Coming Home,F# Major,112,2B,79,47,42,46
Leslie Odom Jr.,Go Crazy,D Major,120,10B,46,79,77,73
Lewis Capaldi,Forever,C# Major,85,3B,73,36,65,36
"Lexurus, Leah Rye",Out Of Love,B Minor,174,10A,28,95,40,9
"Liam Payne, J Balvin",Familiar (With J. Balvin),A Major,93,11B,60,80,66,87
"Liam Payne, Quavo",Strip That Down (feat. Quavo),F# Major,106,2B,73,50,87,55
"Liam Payne, Rita Ora",For You (With Rita Ora),D Minor,113,7A,73,80,53,17
Lifehouse,Falling In,G Major,123,9B,48,85,65,50
Lifehouse,Hanging By A Moment,C# Major,125,3B,69,86,54,44
Lil Baby,Freestyle,D Minor,120,7A,81,52,88,26
Lil Baby,Sum 2 Prove,E Minor,124,9A,75,55,83,41
"Lil Baby, Drake",Yes Indeed,F Minor,120,4A,79,35,96,56
"Lil Durk, Juice WRLD",Cross The Globe (feat. Juice WRLD),A♭ Minor,139,1A,59,71,74,75
"Lil Gnar, Craig Xen, Lil Skies",Death Note (feat. Lil Skies & Craig Xen),B Major,174,1B,52,71,76,54
"Lil Keed, Travis Scott",Wavy (Remix) [feat. Travis Scott],A♭ Major,76,4B,53,48,89,36
Lil Loaded,6locc 6a6y,F Major,125,7B,72,70,87,68
Lil Loaded,Opps On Fire,C# Minor,126,12A,55,62,90,78
Lil Mosey,Noticed,B Major,80,1B,73,56,70,49
Lil Mosey,Burberry Headband,A♭ Major,151,4B,58,65,71,67
Lil Nas X,Panini,F Minor,154,4A,67,59,70,48
Lil Nas X,Old Town Road,C# Major,136,3B,75,53,91,51
Lil Nas X,THATS WHAT I WANT,C# Minor,88,12A,78,85,74,55
Lil Peep,Star Shopping,E Minor,93,9A,83,47,54,31
Lil Skies,Dead Broke,B♭ Minor,100,3A,47,50,53,22
Lil Skies,Welcome to the Rodeo,F Minor,170,4A,64,88,69,50
Lil Tecca,NUMBER 2,C# Major,125,3B,77,64,64,14
Lil Tecca,NEVER LEFT,B Major,83,1B,68,66,81,43
Lil Tecca,TASTE,B Minor,124,10A,71,68,58,23
"Lil Tecca, Internet Money",Out Of Love (feat. Internet Money),G Minor,138,6A,74,64,73,36
Lil Tjay,Beat the Odds,A♭ Minor,85,1A,64,63,50,48
Lil Tjay,Sex Sounds,A♭ Major,130,4B,76,43,86,37
Lil Tracy,Beautiful Nightmare,E Major,77,12B,60,63,68,22
Lil Uzi Vert,20 Min,A♭ Minor,123,1A,84,75,77,78
Lil Uzi Vert,Malfunction,C# Major,94,3B,49,70,43,45
Lil Uzi Vert,Money Longer,F Minor,136,4A,75,57,80,48
Lil Yachty,Coffin,F# Minor,138,11A,71,55,92,61
Lil Yachty,Strike (Holster),A♭ Major,143,4B,65,64,85,70
Lil Zay Osama,Changed Up,F Major,145,7B,53,69,79,58
Lil Zay Osama,61st to 64th,F# Major,73,2B,51,54,84,41
"Lil' Flip, Lea",Sunshine (feat. Lea),C Major,94,8B,66,39,81,79
LilDeuceDeuce,Witch Encounter,D Major,120,10B,34,87,72,88
Limp Bizkit,My Way,F# Major,97,2B,80,86,58,61
Limp Bizkit,Re-Arranged,B Major,104,1B,68,77,52,41
Linkin Park,Faint,E Major,135,12B,86,98,55,61
Linkin Park,One Step Closer,A Major,95,11B,85,97,49,54
Lipps Inc.,Funkytown - Single Version,C Major,122,8B,36,59,92,42
LISA,Moonlit Floor (Kiss Me),F Minor,110,4A,74,79,74,66
LISA,Dream,E♭ Major,160,5B,70,52,60,20
"LISA, ROSALÍA",New Woman (feat. ROSALÍA),A Minor,107,8A,75,86,49,31
Little Mix,Sweet Melody,F Minor,120,4A,63,82,45,42
Little Richard,"Good Golly, Miss Molly",G Major,164,9B,61,74,56,97
"Lizzo, Ariana Grande",Good as Hell (feat. Ariana Grande),F Minor,96,4A,62,89,67,48
"Lizzo, SZA",Special (feat. SZA),G Major,83,9B,57,72,46,30
Lizzy McAlpine,all my ghosts,E♭ Major,155,5B,60,29,64,49
"LMFAO, Lauren Bennett, GoonRock",Party Rock Anthem,F Minor,130,4A,65,74,75,36
LMNT,Juliet - Single Edit,A Major,99,11B,50,96,61,81
Logan Michael,Breaking Point (F U),B♭ Minor,118,3A,66,65,66,61
"Logic, Juanes, Alessia Cara, Khalid",1-800-273-8255,F Minor,100,4A,40,59,61,35
Looking Glass,Brandy (You're a Fine Girl),C# Minor,125,12A,80,63,72,83
Lord Huron,Meet Me In The Woods,F# Minor,81,11A,67,93,54,60
Lord Huron,Ends of the Earth,E Major,121,12B,74,58,55,41
Lord Huron,The Night We Met,A Major,174,11B,91,37,45,10
Lord Huron,I Will Be Back One Day,A Major,124,11B,57,74,57,50
Lorde,Royals,G Major,85,9B,37,42,62,36
Lorde,Liability,B♭ Minor,76,3A,73,23,59,38
Lorde,Ribs,E Major,128,12B,32,47,53,4
Lost Frequencies,Are You With Me,F Minor,121,4A,83,61,76,39
Lou Reed,Walk On the Wild Side,C Major,105,8B,75,32,57,39
"Lucho SSJ, Duki",Perdoname Si Llego Tarde,B Minor,125,10A,59,50,76,9
LUCKI,4 The Betta,F# Major,156,2B,69,45,78,31
Lucky Daye,Over,F# Minor,103,11A,70,56,65,35
"Ludacris, Shawnna",Stand Up,F# Major,99,2B,63,84,75,80
Luh Kel,Y.O.U.,F Minor,93,4A,49,69,59,50
Luh Kel,Pull Up,C# Major,95,3B,56,57,80,26
Luis Fonsi,Imagíname Sin Ti,E Major,118,12B,52,49,56,15
Luis Fonsi,Ahí Estas Tú,B♭ Major,94,6B,41,46,59,52
Luke Bryan,I Don't Want This Night To End,A Minor,112,8A,77,73,62,38
Luke Combs,Where the Wild Things Are,E♭ Major,117,5B,86,73,71,38
Luke Combs,Better Together,C Major,138,8B,74,23,55,67
Luke Combs,Hurricane,B♭ Major,76,6B,80,81,46,52
M83,Midnight City,B Minor,105,10A,75,71,53,32
M83,We Own The Sky,A Major,140,11B,48,76,40,24
Mac DeMarco,Watching Him Fade Away,E♭ Major,139,5B,76,7,74,30
Mac Miller,Poppy,G Major,95,9B,55,70,81,46
Mac Miller,Senior Skip Day,F Minor,108,4A,63,73,52,81
Mac Miller,Small Worlds,F Major,78,7B,77,55,52,52
Macklemore,Hold Your Head Up,F Major,81,7B,41,75,58,49
"Madcon, Ray Dalton",Don't Worry (feat. Ray Dalton),G Major,123,9B,59,70,81,73
Madlib,Road Of The Lonely Ones,D Major,96,10B,52,31,64,12
Mahalia,Hide Out,F Minor,159,4A,47,74,69,88
Mahalia,Grateful,G Minor,142,6A,58,35,66,32
Mahogany Lox,Take Your Man,C Major,110,8B,50,66,93,34
"Major Lazer, DJ Snake, MØ",Lean On,G Minor,98,6A,46,81,72,27
Manchester Orchestra,I've Got Friends,F# Major,165,2B,44,90,40,35
"Mann, T-Pain",Get It Girl,E Minor,111,9A,36,81,79,55
Marc Streitenfeld,Charge,E Minor,99,9A,51,53,18,10
Marc Streitenfeld,Fate Has Smiled Upon Us,E Minor,91,9A,58,39,28,4
Marco Barrientos,Los Muros Caen,E Minor,153,9A,44,80,58,97
Mariah Carey,Touch My Body,E Minor,79,9A,76,67,71,84
Mario,Break Up,C Major,74,8B,52,52,44,48
Mario,MARS,C Major,120,8B,46,58,82,35
Mario,Why,D Major,128,10B,30,81,58,31
Mark Ambor,Good To Be,E Major,94,12B,72,73,66,38
"Mark Ronson, Amy Winehouse",Valerie (feat. Amy Winehouse) - Version Revisited,C# Major,106,3B,83,83,70,89
"Mark Ronson, Bruno Mars",Uptown Funk (feat. Bruno Mars),C Major,115,8B,88,61,86,93
MarMar Oso,Ruthless (Nice Guys Always Finish Last),F Major,86,7B,64,27,72,87
Maroon 5,Sunday Morning,C Major,88,8B,82,77,61,81
Maroon 5,Wake Up Call,E Minor,164,9A,56,95,63,97
Maroon 5,This Love,F Minor,95,4A,84,86,71,81
Maroon 5,Until You're Over Me - Non-LP Version,F Major,140,7B,24,82,81,91
"Maroon 5, SZA",What Lovers Do,F Minor,110,4A,63,60,80,42
"Marshmello, Bastille",Happier,F Major,100,7B,85,79,69,67
"Marshmello, CHVRCHES",Here With Me,F Minor,100,4A,76,57,79,19
"Marshmello, Halsey",Be Kind (with Halsey),E Major,94,12B,74,63,63,45
"Martin Garrix, Khalid",Ocean (feat. Khalid),C Minor,140,5A,69,69,51,22
"Martin Garrix, USHER",Don't Look Down (feat. Usher),C Major,128,8B,68,83,57,38
Martin Ikin,In The Streets,F# Major,128,2B,54,94,71,61
"Marvin Gaye, Tammi Terrell",Ain't No Mountain High Enough,G Major,130,9B,85,60,66,80
Masego,Two Sides (I’m So Gemini) - Single Version,C# Major,160,3B,47,45,65,50
Masego,Lady Lady,D Major,99,10B,50,67,64,47
Masego,Sides of Me,F Minor,95,4A,58,46,77,54
Masego,Navajo,F# Minor,89,11A,76,59,57,36
Masked Wolf,Water Walkin,A Minor,173,8A,38,69,73,64
"Masked Wolf, Bring Me The Horizon",Fallout,D Major,184,10B,51,73,43,32
"Masked Wolf, NICOLOSI",Tightrope (feat. NICOLOSI),A♭ Minor,83,1A,24,59,76,69
"Mason, Princess Superstar",Perfect (Exceeder),F# Major,128,2B,51,86,64,68
"Master KG, Team Mosha",Waya Waya (feat. Team Mosha),B Major,125,1B,27,93,80,88
Matchbox Twenty,Unwell - 2007 Remaster,A Major,81,11B,59,79,44,44
Matchbox Twenty,Like Sugar,E Minor,90,9A,25,69,64,82
Matchbox Twenty,How Far We've Come,C Major,83,8B,59,91,57,79
Matilda Mann,Doomsday,F# Major,122,2B,47,39,56,17
Matt and Kim,Let’s Go,D Major,112,10B,49,68,66,57
Matt and Kim,Good Ol' Fashion Nightmare,F# Major,102,2B,41,96,65,85
Matt and Kim,Lessons Learned,F# Minor,204,11A,39,65,49,4
Matt McAndrew,Counting On Love,F Major,95,7B,23,63,66,77
"Matt Nathanson, LOLO",Headphones,A♭ Major,90,4B,35,87,57,59
Max McNown,St. Helens Alpenglow,G Major,115,9B,70,58,58,34
Max Richter,The Departure,C Minor,117,5A,60,0,38,12
Max Richter,Vladimir's Blues,A Major,115,11B,60,17,38,6
Max Richter,Dream 1 (before the wind blows it all away) - Pt. 2,F# Major,64,2B,54,0,31,6
McFly,Lies,D Minor,95,7A,31,81,54,54
"MEDUZA, Goodboys",Piece Of Your Heart,B♭ Minor,124,3A,70,74,68,63
"MEDUZA, Sam Tompkins, Em Beihold",Phone,E♭ Minor,130,2A,64,60,65,41
Megan Moroney,I'm Not Pretty,B♭ Major,128,6B,77,80,57,71
Megan Moroney,No Caller ID,E Major,146,12B,74,53,34,12
Megan Moroney,Break It Right Back,C# Minor,80,12A,71,54,50,41
Megan Moroney,Tennessee Orange,A Major,156,11B,81,49,38,27
Megan Moroney,Wonder,G Minor,81,6A,76,46,60,56
Megan Thee Stallion,Megan's Piano,B Major,132,1B,68,62,95,38
Megan Thee Stallion,Savage,B Major,169,1B,69,74,84,68
Megan Thee Stallion,Thot Shit,A Major,130,11B,70,68,95,89
"Megan Thee Stallion, Dua Lipa",Sweetest Pie,G Major,124,9B,66,63,81,69
Men At Work,Down Under,B Minor,107,10A,68,81,74,91
Men At Work,Who Can It Be Now?,E Major,129,12B,63,81,80,96
Metric,Stadium Love,F Major,125,7B,41,97,41,8
Metric,The Shade,F Major,94,7B,47,81,60,63
Metric,Combat Baby,A Major,139,11B,55,91,65,74
"Metro Boomin, Don Toliver",Around Me (feat. Don Toliver),D Minor,120,7A,80,67,70,6
"Metro Boomin, Travis Scott, Young Thug",Up To Something (feat. Travis Scott & Young Thug),C# Major,114,3B,58,62,80,67
Metronomy,The Look,A Minor,85,8A,76,54,64,50
Metronomy,The Bay,F# Minor,121,11A,67,47,80,89
MF DOOM,THAT'S THAT,A♭ Minor,96,1A,66,73,50,85
mgk,lonely,F# Minor,166,11A,58,73,46,46
mgk,can't look back,A♭ Minor,128,1A,53,71,61,41
mgk,jawbreaker,D Major,128,10B,58,58,71,63
"mgk, Naomi Wild",Glass House (feat. Naomi Wild),C# Minor,150,12A,68,59,68,20
MGMT,The Youth,F Major,111,7B,12,79,50,52
MGMT,Congratulations,G Major,125,9B,61,64,76,66
MGMT,When You Die,B Minor,141,10A,66,94,65,50
Miami Nights 1984,Ocean Drive,C# Minor,130,12A,52,65,59,97
Michael Jackson,Smooth Criminal - 2012 Remaster,A♭ Major,118,4B,78,98,85,60
Michael Jackson,A Place With No Name,B Minor,119,10A,60,70,54,42
Michael Jackson,Rock with You - Single Version,C# Major,114,3B,82,54,81,85
"Michael Jackson, Justin Timberlake",Love Never Felt So Good,G Minor,118,6A,75,72,78,71
Michael Kiwanuka,Home Again,A Minor,86,8A,69,32,56,27
Michael Sembello,Maniac,E♭ Minor,157,2A,23,80,63,79
Mick Jenkins,Vibe,D Minor,79,7A,45,63,54,40
Miguel,Girl With The Tattoo Enter.lewd,F# Minor,113,11A,82,24,37,13
"Miguel Campbell, Benjamin Diamond",Gold Rush,A Minor,122,8A,32,27,89,86
Miike Snow,Song For No One,C Major,114,8B,29,79,71,61
Miike Snow,Black & Blue,F Minor,135,4A,31,78,68,56
Miike Snow,Cult Logic,A♭ Major,110,4B,27,87,68,53
"Mike Perry, shy martin",The Ocean (feat. Shy Martin),F Major,90,7B,70,57,63,19
Mikel Ross Giffin,Silly,B Major,103,1B,23,51,80,23
Miley Cyrus,Jaded,E Major,91,12B,71,59,50,18
Miley Cyrus,We Can't Stop,C# Minor,80,12A,83,62,61,48
Miley Cyrus,Flowers,C Major,118,8B,89,69,71,63
Milky Chance,Peripeteia,G Major,112,9B,32,63,75,69
Milky Chance,Cocoon,B♭ Major,114,6B,59,66,74,80
Milky Chance,Flashed Junk Mind,B Major,118,1B,66,83,84,91
Milo j,3 PECADOS DESPUES…,C# Major,111,3B,76,38,78,54
Milo j,I' AM,F Minor,87,4A,69,74,52,64
Milo j,MORNING,B♭ Minor,109,3A,67,39,85,54
Minus the Bear,Knights,F# Minor,165,11A,43,82,29,81
"Miracle Musical, Shane MauX, KAYE",Labyrinth,C# Major,127,3B,71,80,50,32
Mitchell Tenpenny,Truth About You,B♭ Major,81,6B,63,71,52,70
Mitski,Washing Machine Heart,A Major,106,11B,85,82,61,57
Mitski,My Love Mine All Mine,A Major,114,11B,89,31,50,12
Modest Mouse,Dashboard,B Minor,136,10A,62,90,64,96
Modest Mouse,Fly Trapped In a Jar,G Major,105,9B,36,75,46,49
Modest Mouse,Parting of the Sensory,A Minor,130,8A,42,95,59,72
Modest Mouse,Ocean Breathes Salty,G Major,95,9B,16,96,65,75
Money Man,Insane,A♭ Minor,142,1A,57,63,84,29
Moneybagg Yo,Time Today,C# Major,137,3B,73,61,91,33
"Moneybagg Yo, Future",Hard For The Next (with Future),C# Major,175,3B,55,56,64,38
Monica,So Gone,A♭ Major,82,4B,64,55,62,59
MONSTA X,MIDDLE OF THE NIGHT,C Major,92,8B,56,76,74,92
Montell Fish,Fall in Love with You.,E Major,121,12B,79,2,54,10
"Monty Datta, Mishaal",Can't Love Myself,F Minor,180,4A,57,8,59,45
Mooski,Track Star,G Minor,132,6A,48,59,64,29
Morgan Wallen,More Than My Hometown,F# Major,126,2B,81,87,62,60
Morgan Wallen,Just In Case,B♭ Major,146,6B,89,50,65,44
Morgan Wallen,I'm The Problem,F Minor,92,4A,88,75,55,49
Morgan Wallen,Smile,B Major,126,1B,83,22,50,40
Morgan Wallen,You Proof,A Major,120,11B,81,82,73,68
"Morgan Wallen, Post Malone",I Ain't Comin' Back (feat. Post Malone),B Major,100,1B,89,74,58,75
Mother Mother,Body,B♭ Minor,148,3A,71,63,59,48
Mr Weebl,Doge,G Minor,160,6A,21,98,74,90
Mt. Joy,Strangers,G Major,102,9B,71,64,57,22
Mt. Joy,Silver Lining,C Major,144,8B,78,64,49,18
Mumford & Sons,Hopeless Wanderer,G Minor,81,6A,57,57,30,22
Mumford & Sons,Guiding Light,G Major,100,9B,61,71,55,30
Mumford & Sons,The Cave,E Major,142,12B,65,50,59,35
Muscadine Bloodline,Can't Tell You No,F# Major,140,2B,67,47,87,65
Muscadine Bloodline,Porch Swing Angel,D Major,136,10B,68,41,52,19
Muse,Madness,B♭ Major,180,6B,71,42,50,22
"Mustard, Migos",Pure Water (with Migos),C Major,202,8B,75,56,68,14
"Mustard, Travis Scott",Parking Lot,C Minor,100,5A,75,60,71,37
Myke Towers,Girl,F# Major,93,2B,77,71,73,69
Nancy Sinatra,Sugar Town,G Major,108,9B,55,38,73,62
Nardo Wick,Shhh,C# Minor,160,12A,52,51,71,32
Natalie Jane,how u been?,F Major,184,7B,66,66,40,51
Natasha Bedingfield,Unwritten,F Major,100,7B,90,80,71,63
Nate Ruess,Nothing Without Love,C# Major,82,3B,44,73,56,41
Nate Smith,Whiskey On You,A♭ Major,110,4B,77,75,47,57
Nate Smith,Under My Skin,A♭ Major,152,4B,57,53,61,52
"NATTI NATASHA, Ozuna",Criminal,D Minor,80,7A,40,81,83,79
"NAV, Gunna, Travis Scott",Turks (with Gunna & ft. Travis Scott),G Minor,119,6A,68,62,89,38
NAYEON,POP!,D Major,97,10B,74,86,80,36
NCT U,90's Love,C# Minor,108,12A,53,92,74,70
Ne-Yo,So Sick,F# Major,93,2B,81,57,45,58
Ne-Yo,Because Of You - Radio Edit,A♭ Major,110,4B,55,58,83,84
Ne-Yo,Closer,E Minor,126,9A,73,75,71,57
Neil Young,Heart of Gold,E Minor,171,9A,78,40,54,83
"Nelly Furtado, Timbaland",Promiscuous,B♭ Minor,114,3A,88,97,81,87
Nemzzz,2MS,C# Major,142,3B,73,33,89,42
Nemzzz,Escape,C# Major,150,3B,76,57,87,9
Nemzzz,L's,B♭ Minor,150,3A,72,50,87,32
Nettspend,What they say,A Major,120,11B,61,59,59,28
Nettspend,Shut Up,F Minor,80,4A,68,53,38,52
"New Boyz, Ray J",Tie Me Down (feat. Ray J),A♭ Major,98,4B,52,79,42,38
New Order,Blue Monday '88,G Major,130,9B,68,89,68,95
New West,Those Eyes,E Major,120,12B,84,35,59,25
NF,CLOUDS,C# Major,128,3B,67,65,79,81
NF,Let You Down,F Minor,148,4A,80,71,66,46
Nicholas Britell,Adagio in C Minor,C Minor,131,5A,61,8,16,4
Nick Jonas,Levels,F Minor,198,4A,53,66,43,66
Nickelback,Photograph - 2020 Remaster,A♭ Major,146,4B,70,87,52,44
Nicki Minaj,Pound The Alarm,A Major,125,11B,65,86,73,59
"Nicky Youre, hey daisy",Sunroof,B♭ Major,131,6B,84,71,77,84
nimino,I Only Smoke When I Drink,B Minor,127,10A,82,73,88,25
Nipsey Hussle,Grinding All My Life,E♭ Minor,180,2A,68,72,60,25
Nirvana,Come As You Are - Remastered,E Minor,120,9A,57,87,51,41
Nirvana,Marigold,E♭ Minor,175,2A,66,33,37,33
Nirvana,Heart-Shaped Box,C# Major,203,3B,84,64,26,38
NLE Choppa,Gang Baby,B Major,129,1B,83,70,92,48
NLE Choppa,SLUT ME OUT,F# Minor,121,11A,71,61,94,71
"NLE Choppa, 2Rare",DO IT AGAIN (feat. 2Rare),B Minor,160,10A,65,64,81,72
NMIXX,TANK,C Major,180,8B,42,93,64,50
No Doubt,Spiderwebs,B♭ Major,143,6B,67,85,49,66
Noah Cyrus,Young & Sad,G Minor,142,6A,56,43,62,36
Noah Cyrus,July,A Minor,73,8A,80,19,71,32
Noah Kahan,Orange Juice,A Major,120,11B,78,38,66,21
Noah Kahan,Forever,C Major,94,8B,75,26,39,22
NoCap,Vaccine,C# Major,77,3B,56,44,80,23
Norah Jones,Don't Know Why,F Major,89,7B,79,22,75,64
Norman Greenbaum,Spirit In The Sky - Deluxe Edition,A Major,129,11B,78,62,61,54
NoSec,Desire,G Major,99,9B,39,83,58,86
Novo Amor,State Lines,A Major,137,11B,78,31,51,15
Oasis,Stop Crying Your Heart Out,D Major,75,10B,77,57,38,9
Oasis,Champagne Supernova,D Major,150,10B,45,87,31,12
Oasis,Don't Look Back in Anger - Remastered,C Major,163,8B,76,94,33,33
"Octavian, Skepta",Papi Chulo,F# Minor,128,11A,63,56,87,31
"Odd Future, Frank Ocean",White (feat. Frank Ocean),E♭ Minor,106,2A,66,7,51,20
ODIE,Miss Summer,C Major,134,8B,63,53,59,13
Of Monsters and Men,Your Bones,D Minor,117,7A,50,73,41,33
Of Monsters and Men,Little Talks,C# Major,103,3B,82,76,46,42
Oh Wonder,Lose It,D Minor,88,7A,63,33,52,17
"ohsobrkn, Powfu",Can't Wait,B Major,114,1B,25,88,73,59
OK Go,I Won't Let You Down,D Major,114,10B,48,91,76,73
OK Go,Get Over It,D Major,185,10B,52,77,39,54
OK Go,Upside Down & Inside Out,C Major,93,8B,48,80,54,52
Ólafur Arnalds,saman,C Minor,109,5A,63,2,58,43
Old Dominion,Me Most Nights,A Major,152,11B,65,72,58,31
Oliver Anthony Music,I Want to go Home,A♭ Major,105,4B,59,4,69,20
Oliver Hazard,Dandelion,F# Major,105,2B,61,60,64,25
Olivia Rodrigo,brutal,E Major,124,12B,79,53,67,28
Olivia Rodrigo,favorite crime,A Major,173,11B,85,27,37,22
Olivia Rodrigo,deja vu,D Major,181,10B,87,61,44,18
Olivia Rodrigo,happier,F# Major,169,2B,85,44,40,34
Olivia Rodrigo,traitor,E♭ Major,101,5B,89,34,38,8
Ollie,Need Someone,C# Major,80,3B,48,45,78,55
Olly Murs,Dance with Me Tonight,B Minor,164,10A,66,75,67,96
One Direction,What Makes You Beautiful,E Major,125,12B,87,79,73,89
One Direction,Live While We're Young,D Major,126,10B,76,86,66,93
One Direction,Drag Me Down,C Minor,138,5A,80,70,73,60
One Direction,One Thing,D Major,127,10B,76,72,71,66
OneRepublic,I Ain't Worried,C Major,140,8B,55,80,70,81
OneRepublic,Wherever I Go,B♭ Minor,100,3A,71,69,55,35
OneRepublic,Connection,F Major,168,7B,59,60,61,62
OneRepublic,I Lived,A Major,120,11B,77,85,59,34
ONEUS,A Song Written Easily,C# Minor,98,12A,49,84,70,68
ONEUS,Baila Conmigo,C Major,100,8B,47,87,71,56
ONEUS,LUNA,A Minor,162,8A,31,92,59,67
"Only The Family, King Von",Crazy Story (feat. King Von),B Major,157,1B,70,50,83,15
"Only The Family, Lil Durk",Hellcats & Trackhawks,C# Minor,157,12A,68,67,84,60
oomiee,Pure Gold,E Major,128,12B,31,86,64,66
Orleans,Still the One,E Major,144,12B,65,62,56,59
OsamaSon,Pop,A♭ Minor,161,1A,61,48,59,34
OsamaSon,All Star,C# Major,142,3B,58,90,57,58
Otis Redding,(Sittin' On) the Dock of the Bay,D Major,104,10B,80,37,77,53
Owl City,Fireflies,E♭ Major,180,5B,78,66,51,47
"Owl City, Carly Rae Jepsen",Good Time,E♭ Major,126,5B,80,87,56,68
P!nk,TRUSTFALL,A♭ Major,122,4B,72,89,64,25
"P!nk, Nate Ruess",Just Give Me a Reason (feat. Nate Ruess),D Major,95,10B,87,55,78,44
Paeta,No Time for That,C# Minor,110,12A,18,99,79,71
Panic! At The Disco,King of the Clouds,D Minor,198,7A,56,92,28,47
Papithbk,Love Is a Drug,G Major,110,9B,57,29,83,42
Paramore,Ain't It Fun,A Major,104,11B,76,89,61,67
Parker McCollum,Pretty Heart,G Major,132,9B,71,71,57,37
PARTYNEXTDOOR,Break from Toronto,A Major,117,11B,85,68,60,26
"PARTYNEXTDOOR, Drake",LOYAL (feat. Drake),C Minor,105,5A,67,53,87,20
"PARTYNEXTDOOR, Drake",SOMEBODY LOVES ME,A Major,77,11B,82,51,37,22
Passenger,Let Her Go (Acoustic Version),E Minor,143,9A,48,7,55,25
Passion Pit,Constant Conversations,F Minor,70,4A,44,80,56,30
Passion Pit,Take a Walk,B Major,101,1B,66,76,57,45
Passion Pit,Lifted Up (1985),C Major,125,8B,44,82,57,31
Passion Pit,"It's Not My Fault, I'm Happy",G Major,105,9B,43,86,57,28
Pat Benatar,Love Is A Battlefield,D Minor,91,7A,71,63,67,86
Patrick Watson,Lost With You,E Minor,78,9A,69,16,43,31
Patrick Watson,Je te laisserai des mots,D Major,133,10B,85,19,30,21
"Patrik Berg Almkvisth, LUCHS",II,A Major,122,11B,44,7,47,48
Paul Engemann,Scarface (Push It To The Limit),B♭ Minor,156,3A,69,61,57,27
Paul Johnson,Get Get Down - Original Radio,F Minor,127,4A,20,93,89,70
Paul Simon,You Can Call Me Al,F Major,128,7B,81,76,78,82
Paul Simon,Still Crazy After All These Years,G Major,37,9B,59,25,27,13
Paul Young,Come Back and Stay - 2008 Remastered,F# Minor,131,11A,58,80,62,80
Peggy Gou,(It Goes Like) Nanana - Edit,G Minor,130,6A,69,88,67,96
Penelope Scott,Rät,F Minor,144,4A,73,45,61,31
Perfume,VOICE,F# Minor,132,11A,30,91,64,74
Peter Bjorn and John,Every Other Night,F# Minor,80,11A,15,93,52,76
Peter Gabriel,Sledgehammer,C# Major,96,3B,68,69,66,42
Peter Sandberg,Dismantle,E♭ Major,100,5B,59,14,40,40
Petey Pablo,Freek-A-Leek,D Major,105,10B,70,70,74,66
Phats & Small,Feel Good,B Minor,130,10A,47,77,81,87
"Pheelz, BNXN",Finesse,C# Minor,102,12A,58,54,86,77
Phil Collins,In The Air Tonight - 2015 Remastered,C Major,190,8B,81,24,45,30
Phil Collins,You Can't Hurry Love - 2016 Remaster,G Major,98,9B,79,94,62,76
Philip Glass,Truman Sleeps,A♭ Major,109,4B,52,8,38,7
Phoebe Bridgers,Motion Sickness,C# Major,107,3B,77,55,65,62
Phoenix,Tuttifrutti,A Minor,116,8A,42,73,63,78
Phoenix,J-Boy,C Major,98,8B,50,91,53,67
Phoenix,Lasso,B Major,151,1B,61,65,65,95
Phoenix,One Time Too Many,C# Major,134,3B,39,76,76,97
Phoenix,Girlfriend,B Major,136,1B,57,65,71,53
Pi’erre Bourne,Poof,C Minor,81,5A,57,51,80,61
PierceTheSkies,Hero Killer,B♭ Minor,110,3A,44,56,78,49
Pink Sweat$,At My Worst,C Major,92,8B,71,42,81,67
"Pitbull, Ne-Yo",Time of Our Lives,C# Major,124,3B,87,80,72,72
Playboi Carti,Broke Boi,C# Major,142,3B,59,42,83,26
Playboi Carti,New Tank,B♭ Minor,151,3A,71,64,82,17
Playboi Carti,Place,C# Major,131,3B,67,63,89,4
Playboi Carti,Location,B Major,126,1B,80,79,72,37
Playboi Carti,Punk Monk,B♭ Minor,76,3A,60,41,70,14
Player,Baby Come Back,F Minor,156,4A,65,60,65,55
PmBata,Losing Blood,G Major,85,9B,35,60,73,66
Polo G,Martin & Gina,C# Minor,94,12A,79,53,83,12
Polo G,Epidemic,C# Major,176,3B,64,62,62,48
"Polo G, YungLiV",Heating Up (with YungLiv),B♭ Minor,174,3A,52,64,66,75
"Pooh Shiesty, Choppa Wop, Lil Hank",Big 13 Gang (feat. Lil Hank & Choppa Wop),D Major,140,10B,37,49,79,35
Pop Smoke,Welcome To The Party,D Major,143,10B,68,72,63,24
Pop Smoke,What You Know Bout Love,B♭ Major,84,6B,79,55,71,54
"Pop Smoke, Lil Baby, DaBaby",For The Night (feat. Lil Baby & DaBaby),F# Minor,126,11A,77,59,82,35
"Pop Smoke, Pharrell Williams",Spoiled (feat. Pharrell),A♭ Minor,95,1A,49,55,83,54
Portugal. The Man,Feel It Still,C# Minor,79,12A,83,80,80,75
Portugal. The Man,Live in the Moment,F# Minor,128,11A,66,58,55,24
Portugal. The Man,The Sun,D Minor,77,7A,48,65,59,52
Post Malone,I'm Gonna Be,F Major,118,7B,66,56,75,37
Post Malone,Sugar Wraith,F Minor,164,4A,63,78,61,31
Post Malone,Wow.,B Minor,100,10A,79,54,83,39
"Post Malone, Swae Lee",Sunflower - Spider-Man: Into the Spider-Verse,D Major,90,10B,84,52,76,93
"Post Malone, Ty Dolla $ign",Psycho (feat. Ty Dolla $ign),A♭ Major,140,4B,78,56,75,46
"Post Malone, Young Thug",Goodbyes (feat. Young Thug),F Major,150,7B,79,65,55,16
potsu,i'm closing my eyes,C Minor,134,5A,62,11,88,52
Prince,Purple Rain,B♭ Major,113,6B,78,45,37,18
Prince,Little Red Corvette,C# Major,123,3B,56,75,75,71
Princess Nokia,It's Not My Fault,A♭ Major,133,4B,43,74,96,87
Princess Nokia,I Like Him,A Major,133,11B,59,58,89,61
"Priority One, TwoThirds",City Needs Sleep - Original Mix,F# Minor,175,11A,19,94,58,6
Puddle Of Mudd,Blurry,E♭ Minor,157,2A,74,94,43,52
"Quavo, Drake",FLIP THE SWITCH (feat. Drake),E♭ Minor,86,2A,60,64,85,50
"Quavo, Takeoff",HOTEL LOBBY (Unc & Phew),B Major,128,1B,73,64,82,16
"Quavo, Takeoff",Nothing Changed,F Minor,135,4A,63,55,89,69
Queen,A Kind Of Magic - Remastered 2011,A Major,130,11B,75,78,67,70
Queen,Don't Stop Me Now - Remastered 2011,F Major,156,7B,85,87,56,61
Queen,Somebody To Love - Remastered 2011,A♭ Major,109,4B,77,70,41,33
Queen,You're My Best Friend - Remastered 2011,C Major,119,8B,70,76,51,55
Queens of the Stone Age,I Sat by the Ocean,A♭ Minor,117,1A,66,78,52,90
Queens of the Stone Age,Go With The Flow,A Major,159,11B,69,99,25,42
Quevedo,PUNTO G,A Major,92,11B,62,77,75,63
"RAC, Kele, MNDR",Let Go,F Major,110,7B,48,84,75,73
Radical Face,The Mute,C# Major,111,3B,55,39,70,22
Radical Face,Always Gold,C# Major,163,3B,51,26,54,26
Radiohead,Karma Police,G Major,75,9B,84,50,36,32
Rae Sremmurd,This Could Be Us,C Minor,143,5A,80,69,73,76
Rainbow Kitten Surprise,First Class,C# Major,90,3B,67,34,55,22
Rainbow Kitten Surprise,Cocaine Jesus,D Major,120,10B,71,36,82,17
Ramin Djawadi,Main Title,F Minor,170,4A,64,60,20,23
Randy Travis,"Forever and Ever, Amen",D Major,90,10B,79,72,68,70
"Rascal Flatts, Blake Shelton",Mayberry,A Major,176,11B,59,77,49,40
"Rascal Flatts, Jonas Brothers",I Dare You,C# Major,128,3B,66,81,60,32
recrafted,Call Me Whenever,C Major,75,8B,52,70,63,39
Red Hot Chili Peppers,Give It Away,G Major,92,9B,76,94,67,78
Red Hot Chili Peppers,Can't Stop,A Major,91,11B,88,94,62,88
Red Hot Chili Peppers,Tell Me Baby,C Major,108,8B,69,99,70,28
Red Velvet,Pose,B♭ Minor,125,3A,49,83,84,76
Red Velvet,Ladies Night,G Major,115,9B,41,88,60,71
Redferrin,Jack and Diet Coke,E Minor,138,9A,69,56,67,38
Regard,Ride It,G Minor,118,6A,80,75,88,88
Remble,Touchable,E Major,95,12B,62,60,76,67
REO Speedwagon,Take It On the Run,G Major,78,9B,71,76,37,45
"RHODES, Birdy",Let It All Go,B♭ Major,107,6B,59,43,38,17
"Rich Amiri, Lil Tecca",Poppin,B Minor,78,10A,62,55,81,68
Rich The Kid,Splashin,B♭ Major,100,6B,59,38,94,38
"Rich The Kid, Kendrick Lamar",New Freezer (feat. Kendrick Lamar),C Major,140,8B,62,70,89,58
"Richy Mitch & The Coal Miners, Caamp",Evergreen (feat. Caamp),D Major,76,10B,70,34,56,38
Rick Astley,Never Gonna Give You Up,A♭ Major,113,4B,82,94,72,91
Ricky Desktop,"The Banjo Beat, Pt. 1",C Major,120,8B,51,86,67,57
Ricky Martin,Spanish Eyes,E Minor,112,9A,33,93,49,54
Ricky Nelson,Lonesome Town,B Major,77,1B,64,19,40,27
Rico Nasty,Smack A Bitch,D Major,170,10B,58,70,71,33
Rihanna,Pour It Up,D Major,134,10B,72,48,79,39
Rihanna,S&M,C# Major,128,3B,85,69,77,84
Rihanna,Sex With Me,C# Minor,112,12A,74,53,58,39
Rihanna,Diamonds,B Minor,92,10A,75,71,56,40
"Rihanna, Drake",Work,B Major,92,1B,80,53,72,55
"Rihanna, Mikky Ekko",Stay,A Minor,112,8A,75,31,62,13
"Rihanna, SZA",Consideration,G Minor,145,6A,72,58,89,79
RIIZE,Boom Boom Bass,F Minor,117,4A,62,76,81,83
Riley Green,Georgia Time,F# Major,77,2B,67,62,59,68
Riley Green,Jesus Saves,E♭ Major,77,5B,68,30,46,35
Riley Green,When She Comes Home Tonight,F# Major,145,2B,72,46,61,33
"Riley Green, Ella Langley",Don't Mind If I Do,F Major,88,7B,77,37,41,21
Rio Da Yung Og,Legendary,C# Major,131,3B,70,80,53,14
Rio Da Yung Og,Dope Fein Friday,A Major,192,11B,55,68,69,46
"Rio Da Yung Og, leewayy",Lean Chronicles (feat. Leewayy),C# Major,99,3B,61,57,78,27
Río Roma,Mi Persona Favorita,E♭ Major,152,5B,67,73,56,65
Ritchie Valens,La Bamba - Remastered,C# Major,76,3B,44,74,49,81
Rixton,Wait On Me,B Minor,91,10A,48,73,65,47
"Rob $tone, J. Davi$, J Spooks",Chill Bill (feat. J. Davi$ & Spooks),F# Major,108,2B,76,43,89,23
Robbie Williams,Feel,F Major,98,7B,80,73,60,30
Robbin Gee,Countryside,C# Major,174,3B,19,69,56,42
"Robert Glasper, Mac Miller",Therapy pt. 2 [Feat. Mac Miller],C# Major,164,3B,43,89,59,76
Roberta Flack,Killing Me Softly With His Song,F Minor,122,4A,77,38,48,33
Robin S,Luv 4 Luv,C Major,118,8B,21,65,77,95
Robin S,Show Me Love,F Major,120,7B,27,69,81,77
Robin Thicke,When I Get You Alone,G Minor,107,6A,42,86,75,71
"Robin Thicke, Estelle",Rollacoasta,A♭ Minor,118,1A,21,74,78,69
"Robin Thicke, T.I., Pharrell Williams",Blurred Lines,G Major,120,9B,81,60,85,84
Rod Wave,Girl Of My Dreams,E Minor,75,9A,66,56,64,35
Roddy Ricch,Die Young,E Minor,160,9A,67,66,69,37
Roddy Ricch,The Box,B♭ Minor,117,3A,84,59,90,64
Rogue Wave,Lake Michigan,F Major,81,7B,45,83,45,78
"Romeo Santos, Chris Lebron",SIRI,E♭ Major,126,5B,68,52,69,44
RØNIN,ALL GIRLS ARE THE SAME,A Minor,118,8A,53,34,79,47
"RONNY J, mgk",Playin wit me,B♭ Minor,162,3A,31,36,82,18
"Room 5, Oliver Cheatham",Make Luv - Live,A♭ Major,125,4B,64,88,88,68
Rosa Linn,SNAP,C Major,170,8B,83,64,56,53
ROSÉ,On The Ground,C# Major,189,3B,70,61,31,29
Rotimi,Love Somebody,A Major,105,11B,58,62,80,52
Royel Otis,Sofa King,C Major,97,8B,71,90,56,86
Royel Otis,Kool Aid,B Minor,158,10A,71,93,56,79
Rupert Holmes,Escape (The Pina Colada Song),C Major,139,8B,78,51,84,95
Russ,"Psycho, Pt. 2",B♭ Major,83,6B,70,55,77,42
Russell Dickerson,Blue Tacoma,A Major,160,11B,67,90,46,73
Rvfv,Mirándote,C Major,106,8B,78,74,69,47
"Rxseboy, Powfu",Bored Without You,D Major,170,10B,34,62,72,42
RY X,Only,G Minor,109,6A,62,17,43,9
RY X,Berlin,G Major,137,9B,56,7,39,4
Ryan Cabrera,Shame on Me,A♭ Minor,100,1A,17,94,57,56
Ryan Castro,Wasa Wasa,G Major,94,9B,66,44,87,46
"S1mba, DTG",Rover (feat. DTG),B Minor,63,10A,70,62,61,80
Sabrina Carpenter,Taste,E♭ Major,113,5B,92,91,67,72
Sabrina Carpenter,Please Please Please,A Major,107,11B,88,59,68,62
SadBoyProlific,Dead and Cold,B♭ Major,95,6B,57,47,72,73
Sadie Jean,WYD Now?,C# Major,181,3B,71,33,38,50
Saint Motel,My Type,B♭ Major,118,6B,72,90,60,58
Saint Motel,Cold Cold Man,A Major,111,11B,65,66,61,51
Salastkbron,Tengo Una Cadena,C# Major,98,3B,70,65,75,61
Sam Barber,Man of the Year,E♭ Major,160,5B,77,44,61,65
Sam Barber,Jersey Giant,G Major,97,9B,66,46,63,40
Sam Cooke,(What A) Wonderful World - Mono,B Major,129,1B,71,67,69,86
Sam Cooke,Nothing Can Change This Love,A Major,65,11B,66,30,37,44
Sam Cooke,Bring It On Home To Me,C Major,71,8B,69,57,48,61
Sam Hunt,Body Like A Back Road,F Major,99,7B,74,46,74,65
Sam Hunt,Kinfolks,C Major,76,8B,63,81,57,88
Sam Smith,Like I Can,G Minor,100,6A,55,63,66,48
Sam Smith,Stay With Me,C Major,84,8B,60,42,41,19
Sammy Virji,If U Need It,B♭ Minor,132,3A,75,71,84,23
San Cisco,Awkward - EP Version,F# Minor,162,11A,41,85,59,93
Santigold,You'll Find A Way,C# Minor,164,12A,46,83,60,68
Sara Bareilles,Brave,B♭ Minor,185,3A,68,84,55,76
Sarah Meow,Loosing Interest,B♭ Minor,114,3A,50,25,89,45
Sarcastic Sounds,Dead Dreams,B Minor,82,10A,42,42,73,22
Sarcastic Sounds,say goodbye,A♭ Major,92,4B,49,42,71,42
"Sarcastic Sounds, Mishaal Tamer",Rain on Me,E♭ Minor,112,2A,41,39,72,47
"Sash!, Olly James",Ecuador - Original Mix,E♭ Minor,130,2A,44,99,54,20
Sasha Alex Sloan,Older,B Major,64,1B,72,29,68,16
"Saso, Kevin Corcoran",Absense,E Major,79,12B,31,0,29,25
"Sauce Walka, Travis Scott",Texas Cyclone,G Major,136,9B,52,64,75,36
"Savage Ga$p, KAMAARA",a mosh pit love story,F Major,175,7B,41,96,58,73
"Saweetie, Drakeo the Ruler",Risky (feat. Drakeo the Ruler),A♭ Major,100,4B,40,53,93,26
"Saweetie, GALXARA",Sway With Me (with GALXARA),E♭ Minor,131,2A,58,85,62,88
Say Anything,Alive With the Glory of Love,A Major,203,11B,55,93,34,59
Sayuri,平行線,A♭ Major,191,4B,53,88,39,60
Scorey,Moods,B Minor,90,10A,61,52,85,35
Scotty McCreery,Five More Minutes,G Major,156,9B,69,63,49,28
Sea Wolf,You're A Wolf,D Major,121,10B,28,67,68,59
Seafret,Atlantis,A♭ Minor,166,1A,85,48,40,21
Seafret,Wildfire,F# Major,132,2B,55,58,59,19
Sean Kingston,Party All Night (Sleep All Day),C Minor,124,5A,9,86,60,76
Selena Gomez,Lose You To Love Me,E Major,103,12B,81,34,52,10
Selena Gomez & The Scene,Hit The Lights,G Major,130,9B,59,88,56,57
Selena Gomez & The Scene,A Year Without Rain,D Minor,120,7A,61,81,63,41
SELKER,Too Much For Me,B♭ Major,128,6B,67,85,74,53
SEULGI,"Baby, Not Baby",B♭ Minor,100,3A,70,89,63,88
Seungmin,My Destiny,G Major,110,9B,63,58,60,28
Sexyy Red,Looking For The Hoes (Ain’t My Fault),A♭ Minor,76,1A,74,61,74,49
Shaboozey,Highway,G Major,154,9B,69,58,56,27
Shaboozey,Let It Burn,B♭ Major,119,6B,65,72,66,28
Shaboozey,Good News,A♭ Major,162,4B,83,54,57,41
Shady Cicada,Daydreamer,B♭ Minor,140,3A,16,40,74,86
"Shady Cicada, insaneintherainmusic",Sax of Opportunity,F Major,140,7B,19,63,60,45
"SHAED, ZAYN",Trampoline (with ZAYN),G Minor,127,6A,67,46,62,50
Shakira,"Try Everything - From ""Zootropolis""",C# Major,115,3B,66,60,70,47
"Shakira, Wyclef Jean",Hips Don't Lie (feat. Wyclef Jean),B♭ Minor,100,3A,89,82,78,76
Shawn Hook,So Close,G Major,88,9B,16,83,48,38
Shawn Mendes,Mercy,B Minor,148,10A,82,66,55,34
Shawn Mendes,Treat You Better,B♭ Minor,83,3A,87,82,44,77
"Shawn Mendes, Camila Cabello",Señorita,A Minor,117,8A,82,55,76,75
"Shawn Mendes, Tainy",Summer of Love (Shawn Mendes & Tainy),B Major,124,1B,72,81,78,49
Sheff G,"No Suburban, Pt. 2",A♭ Major,144,4B,64,46,85,62
"Shenseea, Megan Thee Stallion",Lick (with Megan Thee Stallion),F# Minor,128,11A,48,48,73,60
Sheppard,Geronimo,G Major,142,9B,77,78,71,45
Shigeru Umebayashi,Trishna's Waltz 2,D Minor,101,7A,37,20,21,5
Shontelle,Impossible,A♭ Major,90,4B,69,62,60,53
Shordie Shordie,Bitchuary,F Minor,93,4A,67,38,76,44
Silverchair,Suicidal Dream,B Minor,98,10A,56,71,47,39
Silverchair,Freak,F# Minor,118,11A,61,88,54,41
Silverchair,Ana's Song (Open Fire),A Major,80,11B,53,65,40,25
Silversun Pickups,Three Seed,B Minor,146,10A,29,66,56,37
Silversun Pickups,Cannibal,C# Major,129,3B,38,86,62,39
Silversun Pickups,Well Thought Out Twinkles,C# Minor,122,12A,26,89,50,58
Silversun Pickups,Kissing Families,C# Minor,117,12A,48,67,60,30
"Silvestre Dangond, NATTI NATASHA",Justicia,A Minor,95,8A,58,90,81,73
Simi,Duduke,E♭ Major,96,5B,54,66,77,67
Simon & Garfunkel,Homeward Bound,E♭ Major,93,5B,66,38,49,53
Simon & Garfunkel,I Am a Rock,C Major,114,8B,60,61,66,75
Simon & Garfunkel,Cecilia,C Major,103,8B,74,88,76,95
Simple Plan,When I'm Gone,G Minor,161,6A,50,86,46,68
"Simple Plan, Nelly",I Don't Wanna Go to Bed (feat. Nelly),G Minor,110,6A,35,81,72,84
Sir Chloe,Michelle,E Major,116,12B,72,44,37,11
"SiR, Kendrick Lamar",Hair Down,A♭ Minor,120,1A,71,49,79,47
Sista Prod,sad Twilight,B Minor,120,10A,32,32,76,24
Sister Hazel,All For You,A♭ Major,137,4B,68,75,63,64
Sister Sledge,We Are Family - 1995 Remaster,G Minor,119,6A,72,89,78,82
Sixpence None The Richer,Kiss Me,E♭ Major,100,5B,87,75,53,42
Ski Mask The Slump God,Unbothered,C# Minor,125,12A,70,45,88,85
Ski Mask The Slump God,Faucet Failure,B♭ Minor,100,3A,71,55,94,62
"Ski Mask The Slump God, Juice WRLD",Nuketown (feat. Juice WRLD),B♭ Minor,150,3A,72,62,81,63
"Sky Rompiendo, Feid, Myke Towers",El Cielo,B♭ Minor,106,3A,76,64,72,17
"Skye, XXXTENTACION",VOICES (feat. XXXTENTACION),C Major,137,8B,53,67,68,63
SleazyWorld Go,Creepers,D Major,74,10B,53,57,70,25
SleazyWorld Go,Baghdad Flow,B Major,80,1B,51,26,87,8
SleazyWorld Go,Troll Me,C# Minor,81,12A,54,44,79,31
"Sleepy Hallow, 347aidan",Die Young (feat. 347aidan),B Major,77,1B,70,58,81,67
"Sleepy Hallow, Fousheé",Deep End Freestyle,E Minor,134,9A,65,48,87,78
"Sleepy Hallow, Sheff G",Molly,B♭ Minor,134,3A,68,39,81,74
"Smiley, Drake",Over The Top (feat. Drake),B♭ Minor,140,3A,63,50,83,26
Smino,blkswn,C# Minor,107,12A,48,39,79,48
Smino,Oxygen,C# Major,103,3B,40,32,84,48
"Snoop Dogg, Charlie Wilson, Justin Timberlake",Signs,G Major,113,9B,71,71,93,61
Snow Patrol,Chasing Cars,A Major,104,11B,85,60,56,14
SOB X RBE,Paramedic!,C# Major,97,3B,63,65,86,47
Sodikken,People Eater,B Major,134,1B,61,20,74,89
SoFaygo,Off The Map,E Minor,150,9A,59,85,47,8
SoFaygo,Knock Knock,C# Minor,126,12A,69,63,67,68
Sonder,Indonesian Fantasies,C# Minor,91,12A,65,52,79,53
Sonder,Break You Off,B Major,105,1B,67,39,79,47
Sonder,Care,B♭ Minor,127,3A,74,18,36,10
Sonder,Mad Riches,E♭ Minor,78,2A,68,24,40,25
Soulja Boy,Turn My Swag On,E♭ Minor,150,2A,69,71,55,49
Soundgarden,Pretty Noose,C Major,151,8B,60,93,39,32
Soundgarden,Blow Up The Outside World,A Major,140,11B,62,53,33,15
Spice Girls,Wannabe,B Major,110,1B,83,86,77,89
Spoon,Don't Make Me a Target,E Minor,147,9A,21,64,50,73
Spoon,Anything You Want,E Major,106,12B,41,61,71,64
Spoon,Don't You Evah,F# Major,121,2B,34,63,79,96
Staind,Outside,C# Major,147,3B,75,59,52,22
Starship,Nothing's Gonna Stop Us Now,F# Major,96,2B,84,80,64,53
Steely Dan,Do It Again,D Minor,125,7A,76,43,66,94
"Stefy De Cicco, Ben Hamilton, Martin Jensen",Day 'N' Nite - Martin Jensen Edit,B Minor,125,10A,61,85,77,59
Steve Lacy,Uuuu,A Major,127,11B,74,62,95,97
Steve Lacy,Donchano,B Minor,208,10A,66,49,67,77
Steve Lacy,Some,G Major,104,9B,80,55,78,63
Steve Miller Band,Abracadabra,A Minor,127,8A,72,53,79,96
Steve Miller Band,The Joker,F Major,83,7B,77,45,60,80
Steve Miller Band,Rock'n Me,E Major,122,12B,70,58,70,89
Steve Winwood,Higher Love,F Major,99,7B,69,78,70,95
Stevie Wonder,Part-Time Lover,B♭ Minor,175,3A,74,62,66,96
Stevie Wonder,Isn't She Lovely,C# Minor,119,12A,72,69,75,90
Stevie Wonder,For Once In My Life,F# Major,110,2B,75,52,52,85
Stevie Wonder,Superstition,C# Major,101,3B,70,58,61,88
Stevie Wonder,Sir Duke,F# Major,107,2B,75,57,59,95
Sticky Fingers,These Girls,F# Major,186,2B,62,59,36,41
Still Woozy,Window,E Minor,91,9A,65,48,71,63
Still Woozy,Habit,C# Major,125,3B,65,39,77,48
Still Woozy,Goodie Bag,G Minor,138,6A,74,52,74,62
Stone Temple Pilots,Trippin' on a Hole in a Paper Heart,G Major,106,9B,64,99,47,45
Stone Temple Pilots,Big Empty - 2019 Remaster,C Major,122,8B,68,62,34,28
Stone Temple Pilots,Interstate Love Song - 2019 Remaster,A Major,171,11B,78,93,22,49
Stone Temple Pilots,Vasoline - 2019 Remaster,B♭ Major,169,6B,67,98,30,35
Stray Kids,Charmer,A♭ Minor,91,1A,49,77,79,71
Stray Kids,Cover Me,A♭ Major,174,4B,50,74,47,18
Stray Kids,God's Menu,F Major,157,7B,57,77,69,48
Stray Kids,COMFLEX,A Major,110,11B,49,88,90,61
STRFKR,Open Your Eyes,C Minor,130,5A,13,76,67,40
STRFKR,Isabella of Castile,B♭ Minor,83,3A,45,75,49,17
STRFKR,Golden Light,A♭ Minor,97,1A,64,67,57,16
Stunna Gambino,Heartless,C# Major,121,3B,43,72,45,7
Sturgill Simpson,Turtles All the Way Down,E Major,91,12B,38,32,54,58
"Sub Urban, Bella Poarch",INFERNO,A Minor,128,8A,68,61,82,64
Sublime,What I Got,G Major,96,9B,79,70,80,66
Sublime,Wrong Way,A Major,75,11B,76,68,69,91
"Sueco, TOKYO’S REVENGE",Smackdown (feat. TOKYO'S REVENGE),C# Major,100,3B,40,82,81,54
Sugar Ray,When It's Over - David Kahne Main,E Major,100,12B,66,78,68,93
Summer Walker,Session 32,C# Major,115,3B,74,12,57,12
Summer Walker,Girls Need Love,F# Minor,97,11A,72,42,65,12
Summer Walker,BP,A♭ Major,76,4B,60,31,36,23
Summer Walker,Deep,E♭ Minor,168,2A,73,34,65,42
Super Soul Bros,Chrono Trigger,B Minor,150,10A,22,83,43,67
SuperM,Jopping,B♭ Minor,123,3A,61,84,74,54
Supertramp,Goodbye Stranger - 2010 Remastered,C# Major,125,3B,70,67,42,34
Supertramp,Breakfast In America - 2010 Remastered,C Minor,75,5A,75,66,53,76
Surfaces,Sunday Best,F Major,112,7B,76,56,87,74
"Suzi, Fetty Wap",Nobody's Better (feat. Fetty Wap),C Minor,101,5A,69,66,36,54
Switchfoot,Meant to Live,D Major,152,10B,67,90,40,56
Sylvain Chauveau,L'orée Du Bois,B♭ Major,174,6B,21,8,37,9
Sylvain Chauveau,Pauvre Simon,A Minor,147,8A,40,18,13,3
System Of A Down,Lonely Day,A♭ Minor,113,1A,83,80,47,22
SZA,Kill Bill,A♭ Major,89,4B,85,74,64,42
"SZA, James Fauntleroy",Wavy (Interlude) (feat. James Fauntleroy),C Minor,79,5A,59,51,63,39
"SZA, Travis Scott",Open Arms (feat. Travis Scott),A Major,78,11B,84,59,43,24
T-Pain,Right Hand,B♭ Minor,102,3A,31,66,50,22
T-Pain,Drankin' Patna,F Minor,174,4A,52,55,56,48
"T-Pain, Young M.A",F.B.G.M. (feat. Young M.A.),B♭ Minor,78,3A,53,66,68,22
"TAEYANG, Jimin",VIBE (feat. Jimin of BTS),C Major,100,8B,62,67,79,61
Taio Cruz,Shotcaller,C Major,125,8B,32,71,59,64
"Tali Goya, Duki",Aguacero,F# Minor,154,11A,36,53,69,66
"Talib Kweli, Madlib",The Show,G Major,83,9B,21,93,64,56
Talking Heads,Road to Nowhere - 2005 Remaster,D Major,110,10B,62,79,65,58
Tally Hall,The Whole World and You,F Major,98,7B,54,47,78,79
Tame Impala,Feels Like We Only Go Backwards,D Minor,150,7A,78,90,30,49
Tamia,Almost,C# Minor,130,12A,32,59,82,80
Tamia,Can't Get Enough,A♭ Major,144,4B,32,46,79,25
"tana, Slump6s",Antisocial (feat. Slump6s),C# Major,147,3B,63,61,62,49
"tana, yvngxchris, Luisss",off the leash! (feat. yvngxchris and Luisss),A Major,144,11B,62,68,66,18
Tate McRae,greedy,F# Minor,111,11A,90,73,75,82
Tate McRae,you broke me first,E Major,124,12B,86,38,66,8
Tate McRae,Sports car,B Minor,107,10A,89,82,86,89
Tate McRae,Means I care,A♭ Major,194,4B,72,61,59,75
Tay-K,The Race,A Major,160,11B,72,61,77,35
Tay-K,Megaman,A♭ Major,134,4B,62,31,74,4
Taylor Dayne,Tell It to My Heart,C# Major,118,3B,71,99,64,72
Taylor John Williams,The Mates Of Soul - Remastered,A Minor,95,8A,61,30,79,21
Taylor Swift,Anti-Hero,E Major,97,12B,84,65,63,49
Taylor Swift,Maroon,G Major,108,9B,74,38,66,4
Taylor Swift,Dress,C Major,120,8B,77,47,72,9
"Taylor Swift, Post Malone",Fortnight (feat. Post Malone),B Major,192,1B,85,39,50,28
"Tech N9ne, Joey Cool, King Iso, Dwayne Johnson",Face Off,A♭ Major,81,4B,65,94,69,39
Technotronic,"Hey Yoh, Here We Go",B♭ Minor,130,3A,34,93,70,57
Technotronic,Pump Up The Jam - Edit,B♭ Minor,125,3A,72,92,86,65
"Tee Grizzley, 21 Savage",Loop Hole (feat. 21 Savage),A Major,165,11B,64,55,75,49
Tegan and Sara,Back in Your Head,F Major,141,7B,52,80,75,82
Temple Of The Dog,Hunger Strike,G Major,138,9B,71,57,37,30
Temple Of The Dog,Say Hello 2 Heaven,C Major,148,8B,63,65,31,32
Ten Years After,I'd Love to Change the World - 2004 Remaster,A Minor,118,8A,75,52,38,37
"Terror Squad, Fat Joe, Remy Ma, remy",Lean Back,C# Major,95,3B,70,92,78,70
Tez Cadey,Seve - Radio Edit,F Major,121,7B,68,83,74,45
The 1975,Oh Caroline,D Major,97,10B,66,85,65,82
The 502s,Just A Little While,F Minor,125,4A,64,79,64,70
The Airborne Toxic Event,Changing,A♭ Major,103,4B,49,91,61,64
The Alan Parsons Project,Eye In The Sky,D Major,112,10B,76,42,82,52
"The Alchemist, Boldy James",Ocean Prime (feat. Boldy James),D Major,49,10B,64,60,58,69
The All-American Rejects,Dirty Little Secret,B♭ Major,144,6B,75,95,47,46
The All-American Rejects,I Wanna,G Major,164,9B,53,91,42,43
The All-American Rejects,It Ends Tonight,C Major,88,8B,61,64,45,31
The Beach Boys,Surfin' U.S.A. - Remastered 2001,E♭ Major,159,5B,73,85,55,97
The Beach Boys,Don't Worry Baby - Remastered 2001,E Major,121,12B,67,47,49,85
The Beach Boys,Wouldn't It Be Nice,F Major,125,7B,72,63,39,72
The Beach Boys,Kokomo,C Major,116,8B,74,64,68,93
The Beatles,Blackbird - Remastered 2009,G Major,94,9B,79,13,69,37
The Beatles,In My Life - Remastered 2009,A Major,103,11B,79,44,69,44
The Beatles,Eleanor Rigby - Remastered 2009,E Minor,138,9A,72,28,58,81
The Beatles,Let It Be - Remastered 2009,C Major,143,8B,81,40,44,41
The Beatles,Come Together - Remastered 2009,A Minor,165,8A,80,38,53,19
The Beatles,Twist And Shout - Remastered 2009,D Major,125,10B,78,85,48,94
The Black Keys,Tighten Up,F# Minor,109,11A,66,71,50,57
The Black Keys,Gold on the Ceiling - 2021 Remaster,C Major,130,8B,69,80,50,55
The Black Keys,Fever,A Minor,128,8A,67,67,61,74
"the bootleg boy, artemis orion",blue,F# Minor,115,11A,41,31,71,34
The Bravery,This Is Not The End,G Minor,146,6A,36,97,45,46
The Bravery,Believe - Moon Version,A♭ Major,180,4B,30,96,31,52
The Bravery,An Honest Mistake,D Minor,140,7A,56,88,47,64
The Bravery,Believe,A♭ Major,166,4B,59,95,39,52
The Buggles,Video Killed The Radio Star,C# Major,131,3B,73,68,68,25
The Cardigans,Step On Me,D Major,90,10B,78,47,33,14
The Cars,Magic - 2017 Remaster,A Major,118,11B,60,79,73,96
"The Chainsmokers, Halsey",Closer,A♭ Major,95,4B,89,52,75,66
The Chicks,Travelin' Soldier,A Major,146,11B,69,37,57,51
"The Cinematic Orchestra, Patrick Watson",To Build A Home,A Major,149,11B,76,12,26,7
The Crew Cuts,Sh-Boom (Life Could Be a Dream),D Minor,130,7A,54,23,67,55
The Cure,Friday I'm In Love,C Minor,136,5A,79,76,53,51
The Decemberists,"July, July!",A Major,123,11B,41,88,27,50
The Doobie Brothers,What a Fool Believes,A♭ Minor,121,1A,77,38,76,99
The Flaming Lips,She Don't Use Jelly,G Major,174,9B,55,56,33,51
The Flaming Lips,The W.A.N.D.,A Major,99,11B,45,95,53,36
The Foundations,Build Me Up Buttercup - Mono,C Major,134,8B,80,66,64,88
The Fray,Look After You,F# Minor,78,11A,84,59,45,28
"The Game, Skrillex",El Chapo - Bonus Track,F# Minor,127,11A,61,91,75,59
The Goo Goo Dolls,Iris,B Minor,156,10A,93,72,32,50
The Goo Goo Dolls,Here Is Gone,C# Major,102,3B,63,69,34,22
The Goo Goo Dolls,Slide,A♭ Major,112,4B,77,84,40,48
The Goo Goo Dolls,Black Balloon,C# Major,105,3B,65,63,34,33
The Head And The Heart,Another Story,F Major,86,7B,66,44,26,11
The Head And The Heart,Down in the Valley,C Major,106,8B,58,39,42,18
The Hollies,He Ain't Heavy He's My Brother - 2003 Remaster,G Major,76,9B,68,33,35,23
"The Kid LAROI, Juice WRLD",GO (feat. Juice WRLD),F# Major,74,2B,71,74,49,52
"The Kid LAROI, Justin Bieber",STAY (with Justin Bieber),C# Major,170,3B,82,76,59,48
"The Kid LAROI, Lil Tecca",Diva (feat. Lil Tecca),F# Minor,145,11A,68,70,69,46
The Killers,All These Things That I've Done,F# Major,118,2B,74,70,54,21
The Killers,Somebody Told Me,B♭ Minor,138,3A,83,97,50,69
The Killers,Mr. Brightside,C# Major,148,3B,90,91,35,24
The Killers,Smile Like You Mean It,E♭ Minor,125,2A,71,97,35,38
The Kinks,You Really Got Me,A♭ Major,137,4B,73,96,57,96
The Kinks,All Day and All of the Night,G Major,136,9B,68,92,56,71
The Kinks,Sunny Afternoon,C Major,124,8B,68,52,55,47
The Kinks,Lola (2020 Stereo Remaster),A Major,151,11B,71,89,46,93
The Kooks,She Moves In Her Own Way,G Major,153,9B,76,80,40,81
The La's,There She Goes,G Major,123,9B,77,76,53,92
The Living Tombstone,No Mercy - Instrumental,D Major,105,10B,24,52,68,56
The Lumineers,Same Old Song,A Major,172,11B,71,86,55,47
The Lumineers,Big Parade,E Major,122,12B,56,63,82,65
The Lumineers,Nobody Knows,A Major,82,11B,64,23,63,20
The Lumineers,Ophelia,F Major,76,7B,84,57,66,57
The Lumineers,Sleep On The Floor,G Major,142,9B,77,43,39,28
The Mamas & The Papas,Go Where You Wanna Go,G Major,210,9B,50,56,24,64
The Mamas & The Papas,You Baby,B♭ Major,122,6B,36,55,63,91
The Mamas & The Papas,Hey Girl,F# Major,114,2B,33,52,79,89
The Mighty Mighty Bosstones,The Impression That I Get,E Major,91,12B,69,65,55,73
The Monkees,Daydream Believer,G Major,126,9B,70,49,51,65
The Naked And Famous,Young Blood,F# Major,105,2B,69,87,58,36
The Naked And Famous,All Of This,B Minor,152,10A,46,96,56,60
The Neighbourhood,You Get Me So High,G Minor,88,6A,83,88,55,39
The Neighbourhood,Sweater Weather,B♭ Major,124,6B,70,81,61,38
The New Pornographers,Use It,E Major,145,12B,32,83,55,62
The Notorious B.I.G.,Big Poppa - 2005 Remaster,A Minor,84,8A,83,57,78,77
The Notorious B.I.G.,Hypnotize - 2014 Remaster,A Major,94,11B,83,70,90,67
The Notorious B.I.G.,Ready to Die - 2005 Remaster,F# Major,85,2B,62,83,73,50
The Notorious B.I.G.,Gimme the Loot - 2005 Remaster,G Major,94,9B,67,66,72,68
The Offspring,Gone Away - 1997,E♭ Major,111,5B,73,95,45,29
The Paper Kites,Bloom (Online Bonus Track),C# Major,96,3B,68,42,58,43
The Platters,Smoke Gets In Your Eyes,E♭ Major,171,5B,66,30,20,28
The Pointer Sisters,I'm So Excited,F Minor,184,4A,76,87,59,80
The Police,Every Breath You Take,C# Major,117,3B,92,45,82,74
The Police,Roxanne,C Major,134,8B,81,75,62,66
The Police,Don't Stand So Close To Me,D Major,140,10B,74,51,80,52
The Postal Service,The District Sleeps Alone Tonight - Remastered,C Major,154,8B,58,75,63,20
The Postal Service,Sleeping In - Remastered,C Major,129,8B,53,68,70,54
The Postal Service,Such Great Heights - Remastered,F Major,175,7B,68,81,64,18
The Postal Service,We Will Become Silhouettes - Remastered,D Major,155,10B,53,56,61,16
The Proclaimers,I'm Gonna Be (500 Miles),E Major,132,12B,79,55,85,81
The Pussycat Dolls,Stickwitu,A Major,80,11B,73,55,62,39
The Pussycat Dolls,Buttons,D Major,211,10B,76,82,56,48
The Pussycat Dolls,When I Grow Up,B Minor,118,10A,73,69,67,37
"The Pussycat Dolls, Timbaland",Wait A Minute,A♭ Major,136,4B,51,84,87,97
The Raconteurs,"Steady, As She Goes",A Major,124,11B,66,58,53,54
The Ready Set,Love Like Woe,B♭ Major,90,6B,53,78,70,82
The Red Clay Strays,Do Me Wrong,F# Minor,116,11A,63,36,89,39
The Red Clay Strays,Drowning,C Minor,140,5A,68,65,52,36
The Red Clay Strays,Moment of Truth,A Major,116,11B,65,40,64,40
The Rolling Stones,Start Me Up - Remastered 2009,F Major,122,7B,80,93,63,97
The Score,Glory,C# Minor,85,12A,59,51,60,38
The Script,For the First Time,A Major,174,11B,68,63,39,38
The Script,Man on a Wire,A Major,180,11B,54,84,39,37
The Script,Nothing,D Major,157,10B,62,84,47,52
The Shapeshifters,Lola's Theme - Radio Edit,F Minor,124,4A,50,66,74,72
The Shins,The Rifle's Spiral,F# Minor,107,11A,42,78,52,42
The Shirelles,Will You Love Me Tomorrow,C Major,136,8B,66,31,53,51
The Smashing Pumpkins,Perfect,G Major,114,9B,65,91,64,54
The Smashing Pumpkins,Cherub Rock - 2011 Remaster,A Major,87,11B,68,87,38,45
The Smashing Pumpkins,Ava Adore,A♭ Major,160,4B,61,84,60,79
The Smiths,Pretty Girls Make Graves - 2011 Remaster,F# Minor,116,11A,68,66,61,78
The Strokes,Reptilia,A Major,158,11B,80,65,49,77
The Strokes,Last Nite,C Major,104,8B,75,91,62,77
The Strokes,Bad Decisions,C Major,153,8B,64,92,37,39
The Strokes,Machu Picchu,C# Major,105,3B,66,82,70,87
The Strokes,Under Cover of Darkness,B Major,200,1B,69,78,35,59
The Strokes,The Adults Are Talking,F Major,165,7B,83,75,59,65
The Strumbellas,Shovels & Dirt,E♭ Major,77,5B,25,54,57,33
The Temper Trap,Science of Fear,G Major,150,9B,26,85,47,21
The Temptations,My Girl,C Major,105,8B,83,42,57,69
The Teskey Brothers,So Caught Up,E Minor,99,9A,66,69,74,90
The Vaccines,If You Wanna,D Major,165,10B,62,87,35,54
"The Vamps, Matoma",All Night,A♭ Major,145,4B,71,80,54,51
The Wanted,Glad You Came,G Minor,127,6A,79,85,72,45
The Weeknd,Reminder,A♭ Major,160,4B,84,51,71,39
The Weeknd,Scared To Live,C Major,87,8B,65,50,49,20
The Weeknd,Love To Lay,G Minor,117,6A,55,81,71,70
"The Weeknd, Lana Del Rey",Stargirl Interlude,F Minor,90,4A,82,47,72,43
The White Stripes,The Hardest Button to Button,E Minor,128,9A,64,52,69,57
The White Stripes,Seven Nation Army,E Minor,124,9A,86,45,74,28
The White Stripes,Icky Thump,A Major,94,11B,68,63,42,34
The Whitest Boy Alive,Golden Cage,E Minor,120,9A,35,70,83,90
The Wombats,Greek Tragedy,B Major,93,1B,63,87,52,45
The xx,VCR,C Major,109,8B,59,48,76,48
The xx,Islands,E Major,124,12B,64,47,87,71
"TheFatRat, EVERGLOW",Ghost Light,E♭ Minor,150,2A,48,62,70,43
TheHxliday,Mistakes,D Major,90,10B,35,52,72,7
Thekidszn,Leave Me Alone,A♭ Minor,89,1A,62,49,70,20
Thekidszn,Chosen,A♭ Major,172,4B,44,71,65,47
"Thelonious Martin, Mac Miller",Malcom Interlude,F Minor,82,4A,44,56,49,55
Third Eye Blind,Semi-Charmed Life,G Major,102,9B,80,86,64,70
Thomas Rhett,Marry Me,E♭ Major,85,5B,68,41,58,50
Thomas Rhett,What’s Your Country Song,F Major,174,7B,71,71,36,48
Thomas Rhett,After All The Bars Are Closed,E Major,105,12B,73,60,70,49
"Thomas Rhett, Riley Green",Half Of Me,G Major,112,9B,70,84,57,67
Thundercat,Funny Thing,G Major,140,9B,74,89,59,65
"Thundercat, Kendrick Lamar",Walk On By,A♭ Major,95,4B,66,30,83,75
"Tiësto, KAROL G",Don't Be Shy,B Minor,120,10A,64,79,77,51
Tiffany,I Think We're Alone Now,G Major,131,9B,74,72,75,94
Tim Linghaus,Drive Me Somewhere Nice,E♭ Major,178,5B,33,19,31,10
Tim Linghaus,We Will Never Come Back Here Again,C Minor,151,5A,27,17,59,40
Tim McGraw,Humble And Kind,B Major,101,1B,70,48,36,14
Tim Sanders,Do To Me,G Major,128,9B,74,81,82,67
"Timbaland, Katy Perry",If We Ever Meet Again (Featuring Katy Perry),A♭ Major,126,4B,69,61,65,39
"Timbaland, Keri Hilson, D.O.E.",The Way I Are,F# Major,115,2B,86,81,73,77
"Timmy Trumpet, Savage",Freaks,E Major,128,12B,76,97,89,75
TINI,Cupido,A Major,120,11B,71,58,91,63
TLC,No Scrubs - Re-Mastered Version,A♭ Minor,93,1A,21,87,75,66
Tokyo Police Club,Be Good,C# Minor,109,12A,21,97,49,72
Tokyo Police Club,Bambi,C# Minor,140,12A,46,85,62,79
Tom Odell,Black Friday,F# Major,165,2B,76,20,48,20
Tom Odell,Grow Old with Me,G Major,146,9B,23,60,50,38
Tom Petty,Free Fallin',F Major,84,7B,80,45,62,57
Tom Petty,Runnin' Down A Dream,A Major,170,11B,72,96,47,72
Tom Petty and the Heartbreakers,Mary Jane's Last Dance,G Minor,170,6A,80,65,46,53
Tom Petty and the Heartbreakers,Learning To Fly,C Major,117,8B,75,77,65,95
Tom Rosenthal,Go Solo,C# Major,78,3B,68,9,59,21
Tommy James & The Shondells,I Think We're Alone Now - Single Version,B Minor,132,10A,59,42,78,72
Tones And I,Can't Be Happy All The Time,G Major,82,9B,37,24,46,25
Tones And I,Westside Lobby,G Major,98,9B,36,65,83,57
Tones And I,Dreaming,A Minor,90,8A,39,61,67,33
Tones And I,Fly Away - RIP King T,E Major,120,12B,30,37,80,26
Tony Igy,Roscoe’s (Shout Louder),F# Minor,126,11A,15,65,70,50
TOOL,The Pot,G Major,107,9B,73,79,47,47
TOOL,Lateralus,C Major,173,8B,67,68,39,37
"Toosii, 21 Savage",Pull Up (feat. 21 Savage),C# Major,125,3B,61,52,93,48
"Topic, A7S",Breaking Me,A♭ Minor,122,1A,76,72,79,66
Toploader,Dancing in the Moonlight,B♭ Major,119,6B,82,86,63,87
Tory Lanez,Lavender Sunflower,E Minor,89,9A,77,74,61,96
TOTO,Africa,A Major,93,11B,89,37,67,73
TOTO,Rosanna,G Minor,81,6A,77,51,37,74
Train,"Save Me, San Francisco",D Major,112,10B,49,94,64,89
Train,Drops of Jupiter (Tell Me),C Major,79,8B,84,64,48,50
Travis Scott,GOD'S COUNTRY,D Major,150,10B,67,65,62,14
Travis Scott,lose,G Minor,126,6A,61,56,83,28
Travis Scott,Quintana Pt. 2,A Major,116,11B,63,60,40,8
Travis Scott,A-Team,G Minor,128,6A,60,53,63,17
Travis Scott,WAKE UP,B Minor,149,10A,68,65,74,49
Travis Scott,HYAENA,A♭ Major,97,4B,72,75,61,46
Treaty Oak Revival,Fishnets,F Major,160,7B,73,95,45,49
Treaty Oak Revival,Bad State of Mind,A Minor,173,8A,78,97,46,40
Treaty Oak Revival,I'm the Worst,C Minor,154,5A,76,92,49,27
Treaty Oak Revival,In Between,E♭ Major,147,5B,77,95,50,28
Trevor Daniel,Falling,B♭ Minor,127,3A,77,43,79,24
Trevor Daniel,Past Life,E♭ Major,160,5B,46,63,58,55
Trevor Jones,Main Title,D Minor,93,7A,55,26,21,4
triflies,Cursed,B Minor,150,10A,59,49,68,10
Trippie Redd,The Grinch,A♭ Major,81,4B,73,50,72,18
Trippie Redd,Love Scars,A Minor,119,8A,70,61,65,26
Trippie Redd,Taking A Walk,C Minor,81,5A,73,53,76,32
"Trippie Redd, Juice WRLD",Matt Hardy 999,C# Major,79,3B,66,65,67,40
Troye Sivan,One Of Your Girls,B Minor,93,10A,77,65,64,80
Tucker Wetmore,Whatcha Think Is Gonna Happen?,E Minor,172,9A,63,76,48,41
Tucker Wetmore,Bad Luck Looks Good On Me,F# Major,90,2B,61,72,58,59
Tucker Wetmore,Wine Into Whiskey,B Major,150,1B,76,70,71,32
"Tujamo, Lukas Vane",Drop It,F Minor,126,4A,54,90,75,18
Turnpike Troubadours,Good Lord Lorrie,G Major,79,9B,65,65,56,58
TV On The Radio,Staring at the Sun,F Minor,120,4A,55,59,35,17
TV On The Radio,Wolf Like Me,G Major,176,9B,65,79,35,18
TV On The Radio,Will Do,D Minor,80,7A,59,86,56,42
Twenty One Pilots,Tear in My Heart,D Major,120,10B,79,63,66,45
Twenty One Pilots,Ride,F# Major,75,2B,86,71,65,57
Twenty One Pilots,The Judge,C Major,83,8B,66,80,42,59
Twenty One Pilots,House of Gold,C Major,115,8B,70,69,68,85
Twenty One Pilots,Stressed Out,E Minor,170,9A,86,64,73,65
TWICE,Talk that Talk,E♭ Minor,120,2A,59,91,77,77
TWICE,CHEER UP,F# Major,173,2B,54,89,55,51
Two Door Cinema Club,Something Good Can Work,C Major,120,8B,70,83,65,68
Two Feet,Go Fuck Yourself,F# Major,75,2B,74,33,77,29
"twocolors, Safri Duo, Chris de Sarandy",Cynical,B Major,130,1B,78,84,69,49
"TWXN, LL Clawz, 507KAZ",TELESCOPE,B♭ Major,130,6B,73,43,54,10
"Ty Dolla $ign, Post Malone",Spicy (feat. Post Malone),E Minor,100,9A,65,51,78,12
Tyga,Ice Cream Man,B♭ Major,144,6B,70,67,90,39
Tyga,Ayy Macarena,D Major,96,10B,68,63,82,71
Tyla,Bliss,A♭ Major,116,4B,75,72,70,50
Tyler Childers,Lady May,E♭ Major,81,5B,78,16,54,32
Tyler Childers,Feathered Indians,G Major,87,9B,82,57,54,88
Tyler Childers,Space and Time,G Major,173,9B,63,46,34,30
Tyler Childers,In Your Love,G Major,127,9B,69,41,53,24
Tyler Childers,Charleston Girl (Live),A♭ Major,177,4B,74,59,37,65
Tyler Childers,Way of the Triune God - Hallelujah Version,B♭ Major,79,6B,68,58,70,54
"Tyler, The Creator",BEST INTEREST,B Minor,98,10A,83,57,60,34
"Tyler, The Creator",GROUP B,F Minor,80,4A,57,72,54,36
"Tyler, The Creator",OKRA,C# Major,136,3B,59,57,59,44
U2,I Still Haven't Found What I'm Looking For,C# Major,101,3B,80,77,56,66
Unodavid,me again,C Minor,95,5A,41,62,76,68
USHER,Caught Up,F# Major,110,2B,69,81,82,81
USHER,U Remind Me,F# Major,94,2B,75,63,66,73
V,FRI(END)S,A♭ Major,53,4B,81,60,47,63
Vampire Weekend,A-Punk,D Major,175,10B,70,82,55,85
Vampire Weekend,Giving Up the Gun,A Major,134,11B,45,88,64,75
Vampire Weekend,Campus,G Major,163,9B,58,70,64,65
Van Halen,Ain't Talkin' 'Bout Love - 2015 Remaster,A♭ Minor,139,1A,74,94,52,71
Van Halen,Jump - 2015 Remaster,C Major,130,8B,80,84,57,80
Vance Joy,Mess Is Mine,G Major,108,9B,75,72,60,27
Vance Joy,Georgia,B Major,144,1B,71,66,39,40
Vancouver Sleep Clinic,Someone To Stay,C# Major,109,3B,76,47,44,24
Vanessa Carlton,A Thousand Miles,B Major,95,1B,80,83,56,27
"Vato Gonzalez, Scrufizzer",Bump & Grind (Bassline Riddim),C# Major,126,3B,48,88,85,61
vaultboy,everything sucks,F# Major,138,2B,67,37,76,65
vaultboy,i think i wanna text u,G Major,77,9B,57,42,45,22
Vedo,Dilemma (Remake),D Minor,83,7A,50,63,60,33
Velvet Revolver,Fall to Pieces,F# Major,133,2B,63,89,46,24
Vicetone,Catch Me,A Minor,126,8A,23,91,65,87
Vince Staples,ARE YOU WITH THAT?,C# Minor,126,12A,60,42,86,56
VIVIZ,Untie,G Minor,114,6A,53,60,62,65
"Vladimir Cauchemar, 6ix9ine",Aulos Reloaded,B Major,123,1B,52,80,80,53
Voicians,Disconnected,G Minor,175,6A,13,98,37,37
Voicians,Remember,A♭ Minor,175,1A,22,94,42,25
"VØJ, Narvent",Memory Reboot,A♭ Major,81,4B,67,89,47,46
Voyage,Align,D Major,182,10B,47,79,65,24
WALK THE MOON,Tightrope,C# Minor,162,12A,51,79,47,59
Wang Chung,Dance Hall Days,C Major,103,8B,71,59,66,54
Warren Zeiders,Pretty Little Poison,C# Major,112,3B,80,57,49,22
Warren Zeiders,Weeping Willow,C# Major,146,3B,69,69,46,30
Warren Zeiders,Relapse,C# Major,141,3B,78,75,57,39
"Warren Zeiders, Lanie Gardner",Love In Letting Go,B Major,84,1B,66,50,48,45
Washed Out,Amor Fati,A Major,101,11B,40,87,50,52
Waylon Wyatt,I'd Be Delighted,A Major,166,11B,70,38,40,22
Waylon Wyatt,Everything Under The Sun,F Minor,87,4A,69,50,58,42
"Waylon Wyatt, Willow Avalon",Smoke & Embers,G Major,125,9B,73,53,52,18
We The Kings,Friday Is Forever,B Minor,145,10A,31,86,49,66
Weezer,Island In The Sun,E Minor,115,9A,83,81,65,66
Weezer,Say It Ain't So - Original Mix,E♭ Major,152,5B,79,55,63,45
Weezer,Beverly Hills,F Major,88,7B,73,82,69,74
Whiskey Myers,Ballad Of A Southern Man,G Major,74,9B,68,53,61,38
Why Don't We,Chills,C# Major,163,3B,53,69,62,78
Wild Rivers,Thinking 'Bout Love,F Major,142,7B,73,32,73,39
"Will Smith, Dru Hill, Kool Moe Dee",Wild Wild West (feat. Dru Hill & Kool Mo Dee),B♭ Minor,107,3A,54,60,86,69
WILLIS,I Think I Like When It Rains,A Major,124,11B,21,46,62,27
"Winati, Moonshine, BELLMAN, Louise CS",Sweet Dreams (Are Made of This),A Minor,126,8A,53,65,82,18
Wings,Live And Let Die - 2018 Remaster,G Major,154,9B,67,38,39,12
Witchouse 40k,Bayonetta,E♭ Major,115,5B,51,61,80,21
"Wiz Khalifa, Swae Lee",Hopeless Romantic (feat. Swae Lee),A Minor,127,8A,69,48,88,55
"WizTheMc, bees & honey, Tyla",Show Me Love (with Tyla),F Minor,107,4A,86,74,67,21
Worthikids,Friends In Low Places,A Major,105,11B,46,56,47,46
Wtf? Zombies?,I Got the Power,E Minor,120,9A,11,97,58,74
Wyatt Flores,Please Don't Go,F# Minor,85,11A,76,55,68,49
X Ambassadors,Renegades,D Major,90,10B,79,86,53,53
XG,GRL GVNG,F# Major,131,2B,65,65,77,41
XXXTENTACION,Hope,A Minor,146,8A,85,46,59,23
XXXTENTACION,Jocelyn Flores,C Minor,134,5A,82,39,87,44
XXXTENTACION,Revenge,B Minor,140,10A,85,25,75,18
XXXTENTACION,Moonlight,A Minor,128,8A,84,54,92,71
"YADAH, Jaime Murrell","Oh, Moradora",A♭ Major,138,4B,33,83,75,86
Yann Tiersen,Atlantique Nord,E Minor,62,9A,46,12,18,12
Yatta Bandz,Don't Go,G Major,134,9B,60,42,86,37
Yazoo,Situation - 2008 Remaster,F# Major,119,2B,52,66,83,33
Yeah Yeah Yeahs,Way Out,G Major,117,9B,36,92,67,89
Yeah Yeah Yeahs,Honeybear,E Minor,120,9A,32,89,62,53
Yeah Yeah Yeahs,Mosquito,G Major,123,9B,35,72,53,32
Yeat,Talk,E Minor,140,9A,71,76,70,24
Yeat,Already Rich,C# Major,136,3B,71,80,77,22
"Yebba, A$AP Rocky",Far Away (feat. A$AP Rocky),F# Minor,88,11A,70,58,69,23
YENA,WICKED LOVE,B Minor,166,10A,52,79,59,95
"YENA, YUQI",Hate Rodrigo (Feat. YUQI),F# Minor,170,11A,55,96,61,78
YK Osiris,Leave Me On Read,G Major,78,9B,34,59,74,60
YNW Melly,City Girls,C Major,140,8B,68,69,63,38
Yot Club,japan,F Major,166,7B,64,82,64,37
Young M.A,PettyWap,F# Minor,83,11A,53,70,74,60
Young M.A,BIG,C Minor,85,5A,65,51,85,15
"Young Money, Drake",Trophies,C# Major,144,3B,73,69,74,28
"Young Nudy, Metro Boomin",John Wayne (feat. Metro Boomin),E Major,160,12B,60,64,79,61
"Young Nudy, Pi’erre Bourne, 21 Savage",Mister (feat. 21 Savage),C# Major,143,3B,51,58,77,26
Young the Giant,Cough Syrup,B Minor,129,10A,72,72,53,23
Young the Giant,Superposition,G Major,170,9B,70,70,59,43
Young the Giant,My Body - 2020 Remaster,B♭ Major,130,6B,62,90,49,53
Young the Giant,Mind Over Matter (Reprise),C Major,152,8B,78,49,39,30
"Young Thug, Lil Baby",Bad Bad Bad (feat. Lil Baby),F# Major,112,2B,82,60,97,89
YoungBoy Never Broke Again,Outside Today,B Minor,134,10A,66,67,85,6
"YSY A, Bhavi, Duki",SONIDO DEL AÑO,F Minor,174,4A,60,73,61,94
"Yung Bans, Juice WRLD",Round (feat. Juice WRLD),A♭ Major,144,4B,47,53,88,18
Yung Bleu,The Way You Rock,C# Major,87,3B,29,54,62,22
Yung Bleu,Know Who u Are,E Major,93,12B,28,44,57,36
"Yung Bleu, Noby",Come By At 12 (feat. NOBY),G Major,135,9B,41,56,79,48
"Yung Gwopp, Masked Wolf, Tyron Hapi",Star,F Major,78,7B,36,67,65,64
"Yungeen Ace, Spinabenz, FastMoney Goon, Whoppa Wit Da Choppa",Who I Smoke,B Major,100,1B,58,74,82,29
YUQI,FREAK,F Major,120,7B,41,82,81,81
Yusuf / Cat Stevens,Peace Train - Remastered 2021,C Major,82,8B,69,68,59,76
Yusuf / Cat Stevens,Wild World,C Major,153,8B,80,54,48,57
Zach Bryan,Something in the Orange,E Minor,175,9A,86,19,37,15
Zach Bryan,68 Fastback,G Major,162,9B,64,28,37,30
Zach Bryan,Deep Satin,A Minor,75,8A,67,70,51,37
Zach Bryan,Nine Ball,G Major,135,9B,82,66,60,38
Zach Bryan,Something in the Orange - Z&E's Version,G Major,110,9B,62,38,59,22
Zach Bryan,Condemned,F Major,126,7B,72,15,62,35
Zach Bryan,Blue,D Major,139,10B,66,47,60,41
Zach Hood,never knew a heart could break itself - acoustic,A Major,76,11B,50,39,50,34
Zach Top,There's the Sun,F Major,83,7B,70,45,64,25
Zach Top,Bad Luck,A Minor,176,8A,78,65,63,74
Zach Top,I Never Lie,E♭ Major,108,5B,85,64,78,52
Zara Larsson,Ruin My Life,B Major,125,1B,69,71,61,61
Zara Larsson,Pretty Ugly,C Minor,111,5A,72,67,77,52
"Zara Larsson, David Guetta",On My Love,B♭ Minor,123,3A,64,69,50,30
ZAYN,Talk To Me,F# Minor,103,11A,49,50,54,43
ZAYN,lUcOzAdE,G Major,100,9B,49,53,82,51
ZAYN,BeFoUr,E Minor,102,9A,57,63,68,19
"Zedd, Kehlani",Good Thing (with Kehlani),C# Minor,186,12A,66,56,69,57
"Zedd, Maren Morris, Grey",The Middle,G Major,107,9B,81,66,75,44
ZEROBASEONE,KILL THE ROMEO,B Minor,123,10A,49,93,70,76
ZEROBASEONE,Doctor! Doctor!,B♭ Major,88,6B,59,68,64,61
ZEROBASEONE,GOOD SO BAD,C# Major,110,3B,54,74,73,82
Ziggy Alberts,Runaway,F Major,110,7B,67,50,75,51
Zolik,Like a Brother,E♭ Major,184,5B,46,39,11,14
ZZ Top,La Grange (2005 Remaster),E Minor,162,9A,82,64,51,61